gid,role,role_score,cluster_id,priority_score,evidence
100000000343175100,distributor,0.9917457493080268,12,0.9247425192665452,"out_deg=31, out=4,000,039 KZT, out_tx=33, cross_out=7"
100000000456947100,peripheral,0.549999,29,0.3022093141592062,"in_deg=0, out_deg=0, seed_reach=1, depth=0"
100000000580561100,distributor,0.8858985765124555,18,0.6609259701487674,"out_deg=3, out=1,488,077 KZT, out_tx=13, cross_out=0"
100000001415126100,peripheral,0.549999,0,0.5350829796396332,"in_deg=1, out_deg=0, seed_reach=3, depth=0"
100000001429930100,peripheral,0.549999,6,0.5250518408495977,"in_deg=1, out_deg=0, seed_reach=3, depth=0"
100000001616816100,coordinator,0.9644016903914592,3,0.894747480482381,"seed_reach=8, betweenness=94p, PageRank=99p, bridges=3"
100000001732159100,consolidator,0.933545867931989,4,0.8238040773553232,"in_deg=2, in=2,378,100 KZT, seed_reach=4, retention=n/a"
100000002527114100,distributor,0.937845986555951,11,0.7103580177063732,"out_deg=111, out=3,289,249 KZT, out_tx=113, cross_out=0"
100000002916006100,peripheral,0.549999,0,0.32283167508107696,"in_deg=0, out_deg=1, seed_reach=1, depth=0"
100000003016635100,distributor,0.9987643337287465,1,0.9259789629367734,"out_deg=73, out=9,414,081 KZT, out_tx=151, cross_out=15"
100000003200071100,peripheral,0.549999,28,0.32096324830205036,"in_deg=0, out_deg=1, seed_reach=1, depth=0"
100000003265658100,peripheral,0.549999,30,0.3022093141592062,"in_deg=0, out_deg=0, seed_reach=1, depth=0"
100000003349739100,peripheral,0.549999,31,0.3022093141592062,"in_deg=0, out_deg=0, seed_reach=1, depth=0"
100000003684369100,distributor,0.9972815342032424,2,0.9400310627222166,"out_deg=62, out=8,588,655 KZT, out_tx=67, cross_out=13"
100000003770083100,peripheral,0.549999,32,0.3022093141592062,"in_deg=0, out_deg=0, seed_reach=1, depth=0"
100000003975102100,distributor,0.8575771055753262,1,0.7034920627541154,"out_deg=2, out=88,500 KZT, out_tx=2, cross_out=1"
100000003977183100,distributor,0.882142151047845,3,0.6958177194431249,"out_deg=4, out=766,000 KZT, out_tx=6, cross_out=0"
100000004007116100,distributor,0.8638542902332939,15,0.6440433596054902,"out_deg=4, out=148,000 KZT, out_tx=6, cross_out=0"
100000004019124100,consolidator,0.8939304072756031,1,0.7213994613517726,"in_deg=3, in=193,000 KZT, seed_reach=6, retention=n/a"
100000004021459100,peripheral,0.549999,33,0.3022093141592062,"in_deg=0, out_deg=0, seed_reach=1, depth=0"
100000004041163100,distributor,0.8512010676156583,0,0.8125919810462572,"out_deg=2, out=866,000 KZT, out_tx=6, cross_out=0"
100000004174835100,peripheral,0.549999,34,0.3022093141592062,"in_deg=0, out_deg=0, seed_reach=1, depth=0"
100000004193835100,peripheral,0.549999,1,0.6717730710523082,"in_deg=1, out_deg=1, seed_reach=4, depth=0"
100000004269433100,peripheral,0.549999,5,0.395481461865851,"in_deg=0, out_deg=1, seed_reach=1, depth=0"
100000004358004100,distributor,0.9715302491103204,2,0.5606348095035648,"out_deg=11, out=980,850 KZT, out_tx=17, cross_out=4"
100000004388983100,distributor,0.8606415579280348,21,0.46524028686994645,"out_deg=2, out=450,816 KZT, out_tx=23, cross_out=0"
100000004714705100,peripheral,0.549999,0,0.3250440029260921,"in_deg=0, out_deg=1, seed_reach=1, depth=0"
100000004723755100,peripheral,0.549999,2,0.35303684435413935,"in_deg=0, out_deg=1, seed_reach=1, depth=0"
100000004813068100,distributor,0.8584667852906287,10,0.4570593764495375,"out_deg=3, out=297,000 KZT, out_tx=5, cross_out=0"
100000004971871100,peripheral,0.549999,27,0.43999262694171265,"in_deg=1, out_deg=1, seed_reach=1, depth=0"
100000005017150100,peripheral,0.549999,35,0.3022093141592062,"in_deg=0, out_deg=0, seed_reach=1, depth=0"
100000005087431100,peripheral,0.549999,36,0.3022093141592062,"in_deg=0, out_deg=0, seed_reach=1, depth=0"
100000005235389100,peripheral,0.549999,37,0.3022093141592062,"in_deg=0, out_deg=0, seed_reach=1, depth=0"
100000005264990100,distributor,0.8085952945828391,0,0.707910376490247,"out_deg=2, out=122,000 KZT, out_tx=2, cross_out=0"
100000005370580100,peripheral,0.549999,6,0.5222048657606297,"in_deg=1, out_deg=0, seed_reach=3, depth=0"
100000005382566100,consolidator,0.9686635033610125,0,0.8786226798430357,"in_deg=7, in=393,066 KZT, seed_reach=12, retention=n/a"
100000005386383100,coordinator,0.880616103202847,0,0.7921197899926194,"seed_reach=5, betweenness=87p, PageRank=79p, bridges=2"
100000005392290100,peripheral,0.549999,26,0.34261458890779206,"in_deg=0, out_deg=1, seed_reach=1, depth=0"
100000005395727100,peripheral,0.549999,5,0.5398872501022668,"in_deg=1, out_deg=0, seed_reach=4, depth=0"
100000005409680100,consolidator,0.7866004349545275,13,0.7063552244992616,"in_deg=2, in=55,060 KZT, seed_reach=5, retention=n/a"
100000005417257100,distributor,0.8072607750098852,0,0.4208391266876312,"out_deg=2, out=106,000 KZT, out_tx=2, cross_out=0"
100000005454368100,consolidator,0.7413256227758007,6,0.640054315048886,"in_deg=2, in=48,600 KZT, seed_reach=3, retention=n/a"
100000005480435100,peripheral,0.549999,38,0.3022093141592062,"in_deg=0, out_deg=0, seed_reach=1, depth=0"
100000005485830100,distributor,0.8824387109529458,25,0.4640732283918054,"out_deg=5, out=275,885 KZT, out_tx=9, cross_out=0"
100000005493505100,consolidator,0.8448991696322657,2,0.7260010825459203,"in_deg=3, in=62,020 KZT, seed_reach=7, retention=n/a"
100000005495722100,peripheral,0.549999,39,0.3022093141592062,"in_deg=0, out_deg=0, seed_reach=1, depth=0"
100000005498992100,distributor,0.9809460260972716,9,0.5676636346727777,"out_deg=16, out=2,262,868 KZT, out_tx=19, cross_out=3"
100000005519347100,consolidator,0.7976720047449585,1,0.7316709360289441,"in_deg=2, in=73,100 KZT, seed_reach=5, retention=n/a"
100000005523088100,coordinator,0.6253447508896797,0,0.676850912023975,"seed_reach=8, betweenness=37p, PageRank=98p, bridges=0"
100000005543136100,peripheral,0.549999,2,0.2992579520116401,"in_deg=0, out_deg=1, seed_reach=1, depth=0"
100000005550592100,peripheral,0.549999,40,0.3022093141592062,"in_deg=0, out_deg=0, seed_reach=1, depth=0"
100000005560900100,peripheral,0.549999,41,0.3022093141592062,"in_deg=0, out_deg=0, seed_reach=1, depth=0"
100000005568407100,peripheral,0.549999,42,0.3022093141592062,"in_deg=0, out_deg=0, seed_reach=1, depth=0"
100000005668605100,consolidator,0.8643732700672203,0,0.6987299279393565,"in_deg=3, in=94,500 KZT, seed_reach=8, retention=n/a"
100000005744674100,peripheral,0.549999,0,0.3361856244315202,"in_deg=0, out_deg=1, seed_reach=1, depth=0"
100000006232815100,distributor,0.8743327402135231,20,0.6406103039493655,"out_deg=5, out=296,500 KZT, out_tx=5, cross_out=0"
100000006249740100,distributor,0.845368722815342,7,0.4309477951451829,"out_deg=3, out=93,007 KZT, out_tx=5, cross_out=0"
100000006831291100,peripheral,0.549999,7,0.3096170714323802,"in_deg=0, out_deg=1, seed_reach=1, depth=0"
100000006866783100,distributor,0.9966637010676156,8,0.922070425312833,"out_deg=67, out=3,948,037 KZT, out_tx=90, cross_out=17"
100000007018630100,peripheral,0.549999,22,0.36830558855051115,"in_deg=0, out_deg=1, seed_reach=1, depth=0"
100000007747786100,distributor,0.9919187425860025,3,0.5753675535749994,"out_deg=31, out=4,238,009 KZT, out_tx=35, cross_out=6"
100000007982728100,distributor,0.9669582839066826,3,0.5592206996651791,"out_deg=8, out=1,804,384 KZT, out_tx=12, cross_out=2"
100000008117324100,peripheral,0.549999,43,0.3022093141592062,"in_deg=0, out_deg=0, seed_reach=1, depth=0"
100000008205000100,peripheral,0.549999,44,0.3022093141592062,"in_deg=0, out_deg=0, seed_reach=1, depth=0"
100000008314203100,consolidator,0.9051749703440096,4,0.713636755726658,"in_deg=2, in=382,076 KZT, seed_reach=4, retention=n/a"
100000008418835100,distributor,0.9202995255041518,5,0.8042095943088682,"out_deg=4, out=186,179 KZT, out_tx=6, cross_out=1"
100000008513251100,peripheral,0.549999,45,0.3022093141592062,"in_deg=0, out_deg=0, seed_reach=1, depth=0"
100000008516839100,consolidator,0.8820680110715698,0,0.7013964957527216,"in_deg=3, in=155,000 KZT, seed_reach=4, retention=n/a"
100000008522127100,peripheral,0.549999,23,0.3598612368795331,"in_deg=0, out_deg=1, seed_reach=1, depth=0"
100000008571433100,distributor,0.84111803084223,16,0.6500858800414407,"out_deg=2, out=1,434,000 KZT, out_tx=3, cross_out=0"
100000008575624100,distributor,0.844281336496639,24,0.4295131530602643,"out_deg=3, out=89,500 KZT, out_tx=5, cross_out=0"
100000008601794100,consolidator,0.7643584420719653,19,0.6278088065108541,"in_deg=2, in=494,400 KZT, seed_reach=1, retention=n/a"
100000008637537100,consolidator,0.9600138394622381,4,0.8930002017656613,"in_deg=3, in=619,890 KZT, seed_reach=5, retention=n/a"
100000008650785100,distributor,0.8084470146302886,1,0.7610575776209757,"out_deg=2, out=120,120 KZT, out_tx=2, cross_out=0"
100000008654653100,peripheral,0.549999,1,0.3349982555501844,"in_deg=0, out_deg=1, seed_reach=1, depth=0"
100000008659445100,distributor,0.895734480031633,17,0.6676484279423022,"out_deg=4, out=875,150 KZT, out_tx=18, cross_out=0"
100000008669037100,peripheral,0.549999,46,0.3022093141592062,"in_deg=0, out_deg=0, seed_reach=1, depth=0"
100000008673001100,peripheral,0.549999,0,0.5276096700310923,"in_deg=1, out_deg=0, seed_reach=2, depth=0"
100000008680731100,distributor,0.9846283115856069,14,0.5677716518365621,"out_deg=27, out=1,464,354 KZT, out_tx=28, cross_out=4"
100000008701222100,peripheral,0.549999,47,0.3022093141592062,"in_deg=0, out_deg=0, seed_reach=1, depth=0"
100000008738325100,peripheral,0.549999,0,0.5781477217423553,"in_deg=1, out_deg=1, seed_reach=2, depth=0"
100000003134937100,terminal,0.7747887010676157,1,0.43681382010526865,"depth=1, in_deg=1, out_deg=0, retention=1.00"
100000005074393100,coordinator,0.952735765124555,6,0.9324927861771218,"seed_reach=6, betweenness=96p, PageRank=95p, bridges=1"
100000001924185100,terminal,0.9280582740213523,12,0.7058581039136309,"depth=1, in_deg=2, out_deg=0, retention=1.00"
100000004070318100,distributor,0.962946773943989,8,0.8531170860216805,"out_deg=19, out=551,860 KZT, out_tx=37, cross_out=10"
100000005807278100,terminal,0.7676490213523132,25,0.37857131644674075,"depth=1, in_deg=1, out_deg=0, retention=1.00"
100000003377795100,terminal,0.7656138790035587,3,0.35381109631102803,"depth=1, in_deg=1, out_deg=0, retention=1.00"
100000004330371100,consolidator,0.8146279969921618,1,0.7716841107585655,"in_deg=2, in=264,171 KZT, seed_reach=2, retention=0.66"
100000008165763100,coordinator,0.9785475978647686,2,0.9651259965015476,"seed_reach=6, betweenness=97p, PageRank=95p, bridges=12"
100000001684867100,terminal,0.8132228647686832,1,0.47553202958299895,"depth=1, in_deg=1, out_deg=0, retention=1.00"
100000003900547100,terminal,0.8008785587188612,1,0.46179841311069153,"depth=1, in_deg=1, out_deg=0, retention=1.00"
100000006656003100,transit,0.6123554270462634,11,0.42868490883869803,"in_deg=1, out_deg=1, pass=0.45, relay_2d=1.00"
100000008237827100,terminal,0.8217637900355872,2,0.553735383509059,"depth=1, in_deg=1, out_deg=0, retention=1.00"
100000003014659100,terminal,0.8821508007117437,12,0.6493139733150617,"depth=1, in_deg=1, out_deg=0, retention=1.00"
100000007939160100,terminal,0.846045035139551,18,0.6388214225480188,"depth=1, in_deg=1, out_deg=2, retention=0.98"
100000007274584100,terminal,0.8195951957295373,2,0.5510839667255923,"depth=1, in_deg=1, out_deg=0, retention=1.00"
100000001524952100,terminal,0.8555938612099644,8,0.46929908626131495,"depth=1, in_deg=1, out_deg=0, retention=1.00"
100000003131693100,terminal,0.8870885231316725,2,0.6522125054265888,"depth=1, in_deg=1, out_deg=0, retention=1.00"
100000008383405100,terminal,0.8437944839857651,10,0.4437637174606687,"depth=1, in_deg=1, out_deg=0, retention=1.00"
100000008736173100,terminal,0.8136232206405694,11,0.41260165759627226,"depth=1, in_deg=1, out_deg=0, retention=1.00"
100000002861485100,terminal,0.810086743772242,1,0.47208927650405913,"depth=1, in_deg=1, out_deg=0, retention=1.00"
100000008745474100,terminal,0.8221641459074732,11,0.42438709064229097,"depth=1, in_deg=1, out_deg=0, retention=1.00"
100000008691330100,terminal,0.7974088078291814,11,0.39368494915761115,"depth=1, in_deg=1, out_deg=0, retention=1.00"
100000007639767100,distributor,0.941268429079817,8,0.8093026602681888,"out_deg=10, out=822,244 KZT, out_tx=13, cross_out=4"
100000002921047100,consolidator,0.7957030779548948,3,0.8132710259975809,"in_deg=2, in=338,000 KZT, seed_reach=3, retention=0.52"
100000004783447100,terminal,0.8069839857651245,11,0.4040643832480861,"depth=1, in_deg=1, out_deg=0, retention=1.00"
100000008696919100,terminal,0.8144239323843416,11,0.41384270779181165,"depth=1, in_deg=1, out_deg=0, retention=1.00"
100000008736940100,distributor,0.8207962633451958,17,0.6989921357826737,"out_deg=3, out=182,100 KZT, out_tx=6, cross_out=0"
100000005940652100,terminal,0.7677491103202847,4,0.4923851922671939,"depth=1, in_deg=1, out_deg=0, retention=1.00"
100000004180097100,distributor,0.8539813167259787,8,0.7458307911355339,"out_deg=3, out=47,800 KZT, out_tx=7, cross_out=1"
100000005539201100,peripheral,0.549999,1,0.5377233694899715,"in_deg=1, out_deg=1, seed_reach=2, depth=1"
100000005620225100,terminal,0.891692615658363,8,0.46627629603086684,"depth=1, in_deg=2, out_deg=0, retention=1.00"
100000004388353100,terminal,0.9013011565836299,12,0.6907214290552953,"depth=1, in_deg=2, out_deg=0, retention=1.00"
100000007442518100,coordinator,0.9483318505338079,53,0.924918047372803,"seed_reach=4, betweenness=96p, PageRank=90p, bridges=5"
100000000267734100,distributor,0.8768213720838276,3,0.6695673784075274,"out_deg=7, out=282,000 KZT, out_tx=8, cross_out=0"
100000001987030100,coordinator,0.7745329181494662,5,0.7007837918573441,"seed_reach=3, betweenness=91p, PageRank=28p, bridges=2"
100000002603478100,terminal,0.7999110320284697,14,0.39315696610477324,"depth=1, in_deg=1, out_deg=0, retention=1.00"
100000001380054100,distributor,0.831241103202847,20,0.6692591511729817,"out_deg=3, out=360,000 KZT, out_tx=4, cross_out=0"
100000002992171100,terminal,0.7810609430604982,11,0.37437451875865213,"depth=1, in_deg=1, out_deg=0, retention=1.00"
100000002781227100,distributor,0.8885809608540924,23,0.7667196720648104,"out_deg=3, out=212,420 KZT, out_tx=10, cross_out=2"
100000008745643100,terminal,0.7960742882562277,11,0.3918471670903143,"depth=1, in_deg=1, out_deg=0, retention=1.00"
100000002836736100,terminal,0.9568838967971529,3,0.6822365095494285,"depth=1, in_deg=2, out_deg=0, retention=1.00"
100000004188160100,distributor,0.9009436959837317,1,0.809985701561629,"out_deg=5, out=133,846 KZT, out_tx=6, cross_out=1"
100000004841728100,terminal,0.8333741103202846,11,0.43768487047311566,"depth=1, in_deg=1, out_deg=0, retention=1.00"
100000001554432100,terminal,0.8347753558718861,2,0.5693452038071591,"depth=1, in_deg=1, out_deg=0, retention=1.00"
100000008768896100,terminal,0.8272019572953736,11,0.43099833015918415,"depth=1, in_deg=1, out_deg=0, retention=1.00"
100000008232832100,peripheral,0.549999,4,0.6195644303631168,"in_deg=1, out_deg=1, seed_reach=4, depth=1"
100000002864256100,terminal,0.861866103202847,2,0.61246923399381,"depth=1, in_deg=1, out_deg=0, retention=1.00"
100000001929088100,terminal,0.9517459964412811,3,0.6649383963115718,"depth=1, in_deg=2, out_deg=0, retention=1.00"
100000002794197100,terminal,0.8129559608540925,3,0.39436287195007275,"depth=1, in_deg=1, out_deg=0, retention=1.00"
100000005669845100,terminal,0.7939724199288256,20,0.42606869442588663,"depth=1, in_deg=1, out_deg=0, retention=1.00"
100000002211413100,terminal,0.8187277580071174,11,0.41985248925240526,"depth=1, in_deg=1, out_deg=0, retention=1.00"
100000002784085100,terminal,0.873776690391459,9,0.48911630020639624,"depth=1, in_deg=1, out_deg=0, retention=1.00"
100000008782421100,terminal,0.8292370996441281,11,0.4334753629677274,"depth=1, in_deg=1, out_deg=0, retention=1.00"
100000003739818100,terminal,0.8366436832740213,2,0.5719801300096591,"depth=1, in_deg=1, out_deg=0, retention=1.00"
100000002214570100,terminal,0.8074844306049822,11,0.4046787378818994,"depth=1, in_deg=1, out_deg=0, retention=1.00"
100000006443391100,distributor,0.7794795373665481,9,0.6566064544118828,"out_deg=2, out=60,042 KZT, out_tx=6, cross_out=0"
100000005473151100,consolidator,0.8667442097893938,55,0.8400057637103573,"in_deg=3, in=1,220,000 KZT, seed_reach=2, retention=0.82"
100000005124479100,coordinator,0.8233207295373666,8,0.766755246519075,"seed_reach=4, betweenness=90p, PageRank=42p, bridges=1"
100000005527892100,distributor,0.9319132157877711,52,0.8808638829982623,"out_deg=8, out=552,419 KZT, out_tx=8, cross_out=3"
100000008028628100,terminal,0.8365769572953736,11,0.4416311110023605,"depth=1, in_deg=1, out_deg=0, retention=1.00"
100000001953577100,terminal,0.7845974199288256,11,0.37859196316701066,"depth=1, in_deg=1, out_deg=0, retention=1.00"
100000008193577100,distributor,0.8774116675139807,17,0.6921592181606356,"out_deg=5, out=480,180 KZT, out_tx=16, cross_out=0"
100000008753193100,terminal,0.8175600533807829,11,0.418011762206969,"depth=1, in_deg=1, out_deg=0, retention=1.00"
100000008746025100,terminal,0.7979426156583629,11,0.3943710441249118,"depth=1, in_deg=1, out_deg=0, retention=1.00"
100000002934441100,terminal,0.9007006227758007,8,0.48229903335474655,"depth=1, in_deg=2, out_deg=0, retention=1.00"
100000003701161100,consolidator,0.9256560562438717,59,0.8975160274262138,"in_deg=4, in=1,527,103 KZT, seed_reach=3, retention=0.77"
100000006707582100,distributor,0.9629893238434164,12,0.7824816324908962,"out_deg=14, out=961,138 KZT, out_tx=15, cross_out=4"
100000003239379100,terminal,0.8504559608540925,14,0.4604105909494535,"depth=1, in_deg=1, out_deg=0, retention=1.00"
100000000979923100,terminal,0.8523576512455515,12,0.6017905302557834,"depth=1, in_deg=1, out_deg=0, retention=1.00"
100000001111763100,terminal,0.7872998220640569,11,0.3820611778797315,"depth=1, in_deg=1, out_deg=0, retention=1.00"
100000003865939100,terminal,0.8464524021352313,26,0.4952753157415691,"depth=1, in_deg=1, out_deg=0, retention=1.00"
100000002858835100,terminal,0.8022798042704626,11,0.39927873649051765,"depth=1, in_deg=1, out_deg=0, retention=1.00"
100000003404627100,terminal,0.9859764234875444,4,0.7480712442644321,"depth=1, in_deg=4, out_deg=0, retention=1.00"
100000008691027100,terminal,0.7887010676156583,11,0.38348824822733335,"depth=1, in_deg=1, out_deg=0, retention=1.00"
100000004071080100,consolidator,0.8704134512413755,8,0.8314485300208113,"in_deg=9, in=238,600 KZT, seed_reach=2, retention=0.81"
100000002864680100,terminal,0.8361766014234875,14,0.43696739547654967,"depth=1, in_deg=1, out_deg=0, retention=1.00"
100000001330685100,consolidator,0.9290593072057193,48,0.8299316871024536,"in_deg=3, in=2,435,923 KZT, seed_reach=3, retention=0.96"
100000008745725100,terminal,0.8272019572953736,11,0.43099833015918415,"depth=1, in_deg=1, out_deg=0, retention=1.00"
100000002621949100,terminal,0.8675378113879003,2,0.6222940868591307,"depth=1, in_deg=1, out_deg=0, retention=1.00"
100000007908818100,coordinator,0.9329403914590746,2,0.9006214567839446,"seed_reach=8, betweenness=95p, PageRank=76p, bridges=2"
100000008691495100,terminal,0.8080849644128113,11,0.4056528396770563,"depth=1, in_deg=1, out_deg=0, retention=1.00"
100000003832231100,terminal,0.8170929715302491,2,0.547561536379978,"depth=1, in_deg=1, out_deg=0, retention=1.00"
100000002371751100,transit,0.6449770166073546,22,0.6016746854377131,"in_deg=1, out_deg=1, pass=1.25, relay_2d=0.67"
100000002894076100,terminal,0.9890903024911031,3,0.7797601427809968,"depth=1, in_deg=4, out_deg=0, retention=1.00"
100000001362940100,terminal,0.846285587188612,2,0.5872911754854266,"depth=1, in_deg=1, out_deg=0, retention=1.00"
100000008741372100,terminal,0.8180271352313166,11,0.4186024831994971,"depth=1, in_deg=1, out_deg=0, retention=1.00"
100000002618492100,terminal,0.9456739323843416,12,0.6950420746117063,"depth=1, in_deg=2, out_deg=0, retention=1.00"
100000002750332100,terminal,0.775989768683274,9,0.36369014742559636,"depth=1, in_deg=1, out_deg=0, retention=1.00"
100000004948177100,terminal,0.9790035587188611,1,0.6470848057953631,"depth=1, in_deg=3, out_deg=0, retention=1.00"
100000002511825100,terminal,0.8400133451957295,8,0.444367215302491,"depth=1, in_deg=1, out_deg=0, retention=1.00"
100000008566737100,terminal,0.939401690391459,8,0.7185602970100684,"depth=1, in_deg=2, out_deg=0, retention=1.00"
100000008661585100,terminal,0.8234319395017793,11,0.426410848022976,"depth=1, in_deg=1, out_deg=0, retention=1.00"
100000004759121100,consolidator,0.9017191494160695,8,0.866507689248185,"in_deg=6, in=710,000 KZT, seed_reach=3, retention=0.56"
100000004360785100,terminal,0.85139012455516,1,0.5277222425041822,"depth=1, in_deg=1, out_deg=0, retention=1.00"
100000005092518100,terminal,0.8061832740213523,11,0.40331277293243945,"depth=1, in_deg=1, out_deg=0, retention=1.00"
100000008737958100,terminal,0.8966970640569395,11,0.47529161855373725,"depth=1, in_deg=2, out_deg=0, retention=1.00"
100000003044518100,terminal,0.8162255338078291,3,0.39794683198174347,"depth=1, in_deg=1, out_deg=0, retention=1.00"
100000004159526100,coordinator,0.9084741992882562,51,0.8763095478693925,"seed_reach=3, betweenness=94p, PageRank=94p, bridges=2"
100000007544358100,transit,0.7534772264653606,1,0.7049009472345592,"in_deg=2, out_deg=1, pass=1.09, relay_2d=0.50"
100000005901606100,terminal,0.8178269572953736,11,0.4183996364899782,"depth=1, in_deg=1, out_deg=0, retention=1.00"
100000006658598100,terminal,0.7686499110320284,1,0.4317748457153121,"depth=1, in_deg=1, out_deg=0, retention=1.00"
100000002793851100,terminal,0.7757895907473309,1,0.4376937962801346,"depth=1, in_deg=1, out_deg=0, retention=1.00"
100000005612411100,distributor,0.8799559204141055,2,0.8525936730698507,"out_deg=8, out=506,997 KZT, out_tx=8, cross_out=0"
100000007511163100,distributor,0.859488434163701,1,0.7640704966610513,"out_deg=3, out=82,052 KZT, out_tx=3, cross_out=2"
100000002648315100,distributor,0.7960928232502965,3,0.5318305446733973,"out_deg=2, out=76,000 KZT, out_tx=3, cross_out=0"
100000004739664100,peripheral,0.549999,11,0.4089501396725456,"in_deg=1, out_deg=1, seed_reach=1, depth=1"
100000003713616100,terminal,0.7850645017793594,1,0.44665293662051025,"depth=1, in_deg=1, out_deg=0, retention=1.00"
100000003476560100,terminal,0.8307050711743772,2,0.5647772803985651,"depth=1, in_deg=1, out_deg=0, retention=1.00"
100000008782800100,terminal,0.8235653914590747,11,0.4266919377896317,"depth=1, in_deg=1, out_deg=0, retention=1.00"
100000004218576100,terminal,0.8061832740213523,11,0.40331277293243945,"depth=1, in_deg=1, out_deg=0, retention=1.00"
100000003299365100,transit,0.7498554270462634,2,0.6866724612384248,"in_deg=1, out_deg=1, pass=1.00, relay_2d=1.00"
100000008730021100,terminal,0.8951623665480427,5,0.5847812997353976,"depth=1, in_deg=1, out_deg=0, retention=1.00"
100000002757797100,terminal,0.8537922597864768,14,0.4650551796129624,"depth=1, in_deg=1, out_deg=0, retention=1.00"
100000002845605100,terminal,0.8368438612099643,8,0.4400678594696146,"depth=1, in_deg=1, out_deg=0, retention=1.00"
100000000817146100,terminal,0.84244884341637,1,0.6308274304308211,"depth=1, in_deg=1, out_deg=0, retention=1.00"
100000002957306100,terminal,0.9518127224199288,12,0.746367886749102,"depth=1, in_deg=2, out_deg=0, retention=1.00"
100000008188026100,distributor,0.8462707591933571,5,0.7352273022312259,"out_deg=4, out=337,983 KZT, out_tx=4, cross_out=0"
100000004790991100,terminal,0.9339079181494662,1,0.5933711218804235,"depth=1, in_deg=1, out_deg=0, retention=1.00"
100000002973903100,terminal,0.9275133451957296,14,0.6917080156513815,"depth=1, in_deg=3, out_deg=0, retention=1.00"
100000004325327100,transit,0.732921707069033,8,0.6393606356256376,"in_deg=2, out_deg=1, pass=0.99, relay_2d=0.33"
100000001477796100,terminal,0.8704403914590747,2,0.49871375349558406,"depth=1, in_deg=1, out_deg=0, retention=1.00"
100000007536804100,distributor,0.7847049228944246,3,0.5697473133614795,"out_deg=2, out=55,000 KZT, out_tx=2, cross_out=0"
100000008665380100,consolidator,0.7229273745821982,8,0.6132308914628034,"in_deg=2, in=69,100 KZT, seed_reach=2, retention=0.74"
100000001870116100,terminal,0.8015124555160141,11,0.3985865368092092,"depth=1, in_deg=1, out_deg=0, retention=1.00"
100000001074553100,terminal,0.871875,9,0.5531194808652515,"depth=1, in_deg=2, out_deg=0, retention=1.00"
100000000978041100,terminal,0.8240991992882561,11,0.427541003819262,"depth=1, in_deg=1, out_deg=0, retention=1.00"
100000002603769100,terminal,0.9790925266903915,8,0.7046536409923865,"depth=1, in_deg=3, out_deg=0, retention=1.00"
100000005034574100,terminal,0.9449844306049822,21,0.5474619419588557,"depth=1, in_deg=1, out_deg=0, retention=1.00"
100000002958286100,terminal,0.8802824733096085,9,0.5002111734749904,"depth=1, in_deg=1, out_deg=0, retention=1.00"
100000005634552100,distributor,0.8549599644128114,8,0.6925663565158142,"out_deg=3, out=1,196,000 KZT, out_tx=4, cross_out=0"
100000008736760100,terminal,0.8352424377224199,11,0.440211642978449,"depth=1, in_deg=1, out_deg=0, retention=1.00"
100000008701944100,terminal,0.833307384341637,5,0.5505754005095288,"depth=1, in_deg=1, out_deg=0, retention=1.00"
100000008748408100,distributor,0.9779945810417341,3,0.7531574170851959,"out_deg=21, out=1,499,960 KZT, out_tx=22, cross_out=2"
100000008486520100,peripheral,0.549999,1,0.5217818686122985,"in_deg=1, out_deg=1, seed_reach=2, depth=1"
100000003163256100,transit,0.5603807636203136,1,0.49533812888686657,"in_deg=1, out_deg=1, pass=1.11, relay_2d=0.00"
100000003102157100,terminal,0.8919372775800711,8,0.48367869595601043,"depth=1, in_deg=1, out_deg=0, retention=1.00"
100000004741837100,terminal,0.8054159252669039,1,0.4664224364615178,"depth=1, in_deg=1, out_deg=0, retention=1.00"
100000008443341100,distributor,0.8562411032028472,14,0.719984901391666,"out_deg=3, out=50,000 KZT, out_tx=4, cross_out=1"
100000004792397100,terminal,0.8437166370106761,11,0.4529598344068901,"depth=1, in_deg=1, out_deg=0, retention=1.00"
100000003809101100,coordinator,0.8884564056939501,12,0.8672107314184466,"seed_reach=5, betweenness=95p, PageRank=65p, bridges=2"
100000002838861100,consolidator,0.9497091068959954,9,0.8761991948923902,"in_deg=5, in=554,524 KZT, seed_reach=4, retention=0.98"
100000008560717100,consolidator,0.9366442088409611,48,0.8095095448020491,"in_deg=7, in=529,000 KZT, seed_reach=3, retention=0.95"
100000008693069100,terminal,0.7939724199288256,11,0.38983648802019266,"depth=1, in_deg=1, out_deg=0, retention=1.00"
100000008672162100,terminal,0.7844306049822064,11,0.37839924476445663,"depth=1, in_deg=1, out_deg=0, retention=1.00"
100000007311010100,consolidator,0.7726080751128106,2,0.6917807822190136,"in_deg=2, in=64,480 KZT, seed_reach=4, retention=0.69"
100000005505655100,transit,0.7368372296390596,73,0.7386914441679128,"in_deg=2, out_deg=1, pass=0.60, relay_2d=0.50"
100000004707703100,distributor,0.9065486781901374,1,0.8374832592708771,"out_deg=5, out=231,650 KZT, out_tx=6, cross_out=1"
100000004005964100,distributor,0.8069617437722421,15,0.5494633293576306,"out_deg=3, out=72,000 KZT, out_tx=5, cross_out=0"
100000008244300100,terminal,0.9281806049822062,48,0.6884061333517498,"depth=1, in_deg=5, out_deg=0, retention=1.00"
100000002692044100,terminal,0.8520907473309608,14,0.46319091477948277,"depth=1, in_deg=1, out_deg=0, retention=1.00"
100000001103905100,terminal,0.790035587188612,11,0.38518118747722124,"depth=1, in_deg=1, out_deg=0, retention=1.00"
100000008755361100,terminal,0.7810609430604982,11,0.37437451875865213,"depth=1, in_deg=1, out_deg=0, retention=1.00"
100000002810870100,terminal,0.8154915480427045,11,0.4157055730606311,"depth=1, in_deg=1, out_deg=0, retention=1.00"
100000005897462100,terminal,0.8525911921708185,12,0.6019998850852444,"depth=1, in_deg=1, out_deg=0, retention=1.00"
100000000941942100,terminal,0.8609319395017793,2,0.610723195532767,"depth=1, in_deg=1, out_deg=0, retention=1.00"
100000008723830100,transit,0.7579075821189751,1,0.7090462539449534,"in_deg=2, out_deg=1, pass=0.99, relay_2d=0.50"
100000008776576100,terminal,0.7812611209964412,11,0.3748562457218875,"depth=1, in_deg=1, out_deg=0, retention=1.00"
100000005432267100,terminal,0.9492771352313167,2,0.7271195016594685,"depth=1, in_deg=2, out_deg=0, retention=1.00"
100000006745291100,terminal,0.8469194839857651,12,0.5916878998386453,"depth=1, in_deg=1, out_deg=0, retention=1.00"
100000008670667100,terminal,0.7842304270462633,11,0.3781060367261851,"depth=1, in_deg=1, out_deg=0, retention=1.00"
100000002480800100,terminal,0.9585520462633451,2,0.7205718417544199,"depth=1, in_deg=2, out_deg=0, retention=1.00"
100000002182176100,terminal,0.8231650355871886,8,0.4237735516052193,"depth=1, in_deg=1, out_deg=0, retention=1.00"
100000008219168100,terminal,0.8743216192170817,3,0.43477717420499007,"depth=1, in_deg=1, out_deg=0, retention=1.00"
100000004226848100,terminal,0.8844194839857651,2,0.6472944530979763,"depth=1, in_deg=1, out_deg=0, retention=1.00"
100000006326645100,terminal,0.8050155693950177,11,0.40184807701705055,"depth=1, in_deg=1, out_deg=0, retention=1.00"
100000003589877100,distributor,0.9200845195729537,4,0.8198735349849331,"out_deg=6, out=416,129 KZT, out_tx=6, cross_out=1"
100000003942602100,transit,0.7498554270462634,11,0.4863582818506159,"in_deg=1, out_deg=1, pass=1.00, relay_2d=1.00"
100000000922570100,transit,0.5587565365043137,14,0.4566995125021155,"in_deg=1, out_deg=1, pass=1.06, relay_2d=0.00"
100000005079754100,distributor,0.7944024317912218,2,0.7474843021216778,"out_deg=2, out=122,000 KZT, out_tx=2, cross_out=0"
100000003187359100,terminal,0.7916036476868327,11,0.3870570260215338,"depth=1, in_deg=1, out_deg=0, retention=1.00"
100000000998559100,terminal,0.8537922597864768,2,0.5989742187588699,"depth=1, in_deg=1, out_deg=0, retention=1.00"
100000008690932100,terminal,0.7990435943060498,11,0.39576249491085586,"depth=1, in_deg=1, out_deg=0, retention=1.00"
100000008773876100,terminal,0.8060831850533807,11,0.4031117941505723,"depth=1, in_deg=1, out_deg=0, retention=1.00"
100000006789108100,terminal,0.8191948398576512,12,0.5550717599156648,"depth=1, in_deg=1, out_deg=0, retention=1.00"
100000004058740100,terminal,0.8116214412811388,11,0.41016277473317825,"depth=1, in_deg=1, out_deg=0, retention=1.00"
100000007641801100,terminal,0.873776690391459,3,0.47775064184340693,"depth=1, in_deg=1, out_deg=0, retention=1.00"
100000000555721100,terminal,0.9310831850533807,8,0.5834826875993405,"depth=1, in_deg=2, out_deg=0, retention=1.00"
100000008729801100,terminal,0.7887010676156583,11,0.38348824822733335,"depth=1, in_deg=1, out_deg=0, retention=1.00"
100000004664905100,terminal,0.9631561387900356,1,0.6378513976278765,"depth=1, in_deg=2, out_deg=0, retention=1.00"
100000003057225100,terminal,0.8780137900355871,1,0.5703740320824091,"depth=1, in_deg=1, out_deg=0, retention=1.00"
100000000703902100,terminal,0.8053491992882562,11,0.4023568462313549,"depth=1, in_deg=1, out_deg=0, retention=1.00"
100000008720798100,terminal,0.7842304270462633,11,0.3781060367261851,"depth=1, in_deg=1, out_deg=0, retention=1.00"
100000001411870100,terminal,0.9782362099644127,3,0.6597889983363704,"depth=1, in_deg=2, out_deg=0, retention=1.00"
100000008556318100,terminal,0.9324621886120996,2,0.6993709334033942,"depth=1, in_deg=2, out_deg=0, retention=1.00"
100000002720627100,terminal,0.8730760676156584,12,0.635220348430077,"depth=1, in_deg=1, out_deg=0, retention=1.00"
100000003022835100,terminal,0.8600311387900356,2,0.6091705019626007,"depth=1, in_deg=1, out_deg=0, retention=1.00"
100000008304115100,terminal,0.8326401245551601,14,0.4323284330117681,"depth=1, in_deg=1, out_deg=0, retention=1.00"
100000003886323100,consolidator,0.7837409666232164,1,0.6822728265097296,"in_deg=2, in=78,168 KZT, seed_reach=2, retention=0.90"
100000000607731100,peripheral,0.549999,20,0.48130087325150944,"in_deg=1, out_deg=1, seed_reach=1, depth=1"
100000005961971100,terminal,0.8275689501779359,11,0.4314223694241869,"depth=1, in_deg=1, out_deg=0, retention=1.00"
100000000440392100,terminal,0.911554715302491,1,0.5562271368631702,"depth=1, in_deg=1, out_deg=0, retention=1.00"
100000004105288100,terminal,0.9379337188612099,2,0.743235754194278,"depth=1, in_deg=2, out_deg=0, retention=1.00"
100000008169544100,distributor,0.8940791814946618,1,0.7574832648283318,"out_deg=4, out=42,800 KZT, out_tx=7, cross_out=2"
100000004186824100,terminal,0.8942264843489641,1,0.7085655311285305,"depth=1, in_deg=2, out_deg=1, retention=0.98"
100000008672200100,terminal,0.768116103202847,11,0.3594561560183807,"depth=1, in_deg=1, out_deg=0, retention=1.00"
100000002188829100,terminal,0.8896574733096085,2,0.6570937514372495,"depth=1, in_deg=1, out_deg=0, retention=1.00"
100000008717341100,terminal,0.7810609430604982,11,0.37437451875865213,"depth=1, in_deg=1, out_deg=0, retention=1.00"
100000002214301100,peripheral,0.549999,8,0.4925310673190265,"in_deg=1, out_deg=1, seed_reach=1, depth=1"
100000002565277100,terminal,0.8930938612099644,2,0.6633160937525919,"depth=1, in_deg=1, out_deg=0, retention=1.00"
100000005546031100,consolidator,0.7246787563662711,24,0.590420908311851,"in_deg=3, in=66,800 KZT, seed_reach=1, retention=0.88"
100000003449074100,terminal,0.7721863879003559,8,0.36261795833747856,"depth=1, in_deg=1, out_deg=0, retention=1.00"
100000008748914100,distributor,0.9715643534994071,2,0.8281619315906037,"out_deg=13, out=4,471,847 KZT, out_tx=21, cross_out=5"
100000004744306100,distributor,0.799117734282325,0,0.7053618724284616,"out_deg=2, out=92,000 KZT, out_tx=3, cross_out=0"
100000003158727100,terminal,0.9648131672597865,3,0.7273497501972027,"depth=1, in_deg=3, out_deg=0, retention=1.00"
100000001389255100,terminal,0.7857984875444839,11,0.3803548123431066,"depth=1, in_deg=1, out_deg=0, retention=1.00"
100000008695495100,terminal,0.7968082740213522,11,0.3927941750472545,"depth=1, in_deg=1, out_deg=0, retention=1.00"
100000004015047100,consolidator,0.982951899262683,3,0.9344068748900519,"in_deg=9, in=919,104 KZT, seed_reach=8, retention=0.92"
100000005183943100,terminal,0.9601979537366547,18,0.5826035133608065,"depth=1, in_deg=1, out_deg=0, retention=1.00"
100000003004487100,coordinator,0.8203847864768683,56,0.7728505728498543,"seed_reach=2, betweenness=96p, PageRank=63p, bridges=3"
100000003042994100,terminal,0.9335298042704626,1,0.6000821166475849,"depth=1, in_deg=1, out_deg=0, retention=1.00"
100000001899164100,coordinator,0.9416703736654803,14,0.8813294844449945,"seed_reach=5, betweenness=94p, PageRank=96p, bridges=1"
100000003946524100,coordinator,0.7855983096085409,2,0.7413477838294052,"seed_reach=4, betweenness=94p, PageRank=56p, bridges=0"
100000008717340100,terminal,0.8226979537366548,11,0.42500157073713013,"depth=1, in_deg=1, out_deg=0, retention=1.00"
100000003831324100,terminal,0.946207740213523,3,0.6927449520917318,"depth=1, in_deg=2, out_deg=0, retention=1.00"
100000008129393100,terminal,0.7721863879003559,7,0.4050556807574074,"depth=1, in_deg=1, out_deg=0, retention=1.00"
100000004388209100,terminal,0.7762566725978647,11,0.3677592865921751,"depth=1, in_deg=1, out_deg=0, retention=1.00"
100000000706545100,consolidator,0.889270186660673,1,0.7585210030940591,"in_deg=3, in=1,070,300 KZT, seed_reach=2, retention=0.93"
100000004497606100,terminal,0.7842304270462633,11,0.3781060367261851,"depth=1, in_deg=1, out_deg=0, retention=1.00"
100000008470470100,terminal,0.8154248220640569,11,0.41552136337390216,"depth=1, in_deg=1, out_deg=0, retention=1.00"
100000004318918100,terminal,0.844584074733096,12,0.5879609517261021,"depth=1, in_deg=1, out_deg=0, retention=1.00"
100000005228059100,terminal,0.8058496441281138,11,0.4028853745236717,"depth=1, in_deg=1, out_deg=0, retention=1.00"
100000001609499100,consolidator,0.8388602753903838,8,0.6912699103345044,"in_deg=3, in=263,113 KZT, seed_reach=2, retention=0.92"
100000002824176100,terminal,0.8640680604982206,3,0.5681899902584733,"depth=1, in_deg=1, out_deg=0, retention=1.00"
100000001363952100,consolidator,0.6704298051503931,49,0.6232650243916171,"in_deg=2, in=196,655 KZT, seed_reach=1, retention=0.54"
100000001049200100,distributor,0.8755634638196916,13,0.7659928842485599,"out_deg=4, out=36,000 KZT, out_tx=5, cross_out=4"
100000002662768100,terminal,0.8473865658362989,2,0.4620430223680045,"depth=1, in_deg=1, out_deg=0, retention=1.00"
100000004737477100,transit,0.7095349792940222,8,0.6164420014038677,"in_deg=2, out_deg=1, pass=0.82, relay_2d=0.50"
100000008680451100,terminal,0.8001779359430604,11,0.39704645603984084,"depth=1, in_deg=1, out_deg=0, retention=1.00"
100000001952325100,terminal,0.8854648576512455,11,0.4739541412652057,"depth=1, in_deg=1, out_deg=0, retention=1.00"
100000008751429100,consolidator,0.7817352578550749,17,0.612308984754649,"in_deg=3, in=386,200 KZT, seed_reach=1, retention=0.81"
100000001960517100,terminal,0.873776690391459,3,0.5827995742277486,"depth=1, in_deg=1, out_deg=0, retention=1.00"
100000008686234100,terminal,0.8205627224199288,8,0.42053473524043283,"depth=1, in_deg=1, out_deg=0, retention=1.00"
100000004213658100,terminal,0.8051490213523131,11,0.402096976814028,"depth=1, in_deg=1, out_deg=0, retention=1.00"
100000001194266100,terminal,0.8307050711743772,2,0.5647772803985651,"depth=1, in_deg=1, out_deg=0, retention=1.00"
100000002243354100,terminal,0.7964746441281139,11,0.392387573018082,"depth=1, in_deg=1, out_deg=0, retention=1.00"
100000006069103100,coordinator,0.8565391459074734,83,0.8332602863818855,"seed_reach=2, betweenness=91p, PageRank=96p, bridges=2"
100000002760175100,terminal,0.8712077402135231,12,0.6321028273494453,"depth=1, in_deg=1, out_deg=0, retention=1.00"
100000003567087100,terminal,0.8387789145907473,11,0.4445727522169831,"depth=1, in_deg=1, out_deg=0, retention=1.00"
100000008229700100,peripheral,0.549999,14,0.4192465737560188,"in_deg=1, out_deg=1, seed_reach=1, depth=1"
100000004076740100,distributor,0.9059682680901542,65,0.7647837268992858,"out_deg=6, out=125,000 KZT, out_tx=10, cross_out=1"
100000003284932100,terminal,0.8414479537366547,2,0.5795471602942449,"depth=1, in_deg=1, out_deg=0, retention=1.00"
100000008071620100,terminal,0.8266347864768683,8,0.4284173192187805,"depth=1, in_deg=1, out_deg=0, retention=1.00"
100000003235780100,terminal,0.902335409252669,8,0.5371126186239621,"depth=1, in_deg=2, out_deg=0, retention=1.00"
100000005363908100,transit,0.7498554270462634,24,0.5134595231698285,"in_deg=1, out_deg=1, pass=1.00, relay_2d=1.00"
100000001851289100,terminal,0.9075733985765124,1,0.5564990331125375,"depth=1, in_deg=1, out_deg=0, retention=1.00"
100000002870937100,terminal,0.8472531138790035,3,0.43520114906497664,"depth=1, in_deg=1, out_deg=0, retention=1.00"
100000002152857100,distributor,0.9346011269276395,58,0.7375530606742623,"out_deg=5, out=1,230,000 KZT, out_tx=6, cross_out=2"
100000002600345100,terminal,0.8958963523131672,1,0.5429201570014462,"depth=1, in_deg=2, out_deg=0, retention=1.00"
100000002580377100,peripheral,0.549999,1,0.5184838994738579,"in_deg=1, out_deg=1, seed_reach=2, depth=1"
100000004094958100,transit,0.817733426863765,24,0.6094578981542198,"in_deg=1, out_deg=1, pass=1.03, relay_2d=1.00"
100000002609774100,peripheral,0.549999,55,0.5653889961259324,"in_deg=1, out_deg=1, seed_reach=2, depth=1"
100000002596035100,terminal,0.8773465302491102,12,0.6421516317257343,"depth=1, in_deg=1, out_deg=0, retention=1.00"
100000004664515100,terminal,0.8193616548042704,8,0.4187993117148271,"depth=1, in_deg=1, out_deg=0, retention=1.00"
100000000661912100,transit,0.9123624366065981,8,0.8707422420505504,"in_deg=5, out_deg=2, pass=1.10, relay_2d=0.88"
100000004144536100,terminal,0.9555938612099644,15,0.5723833199435405,"depth=1, in_deg=4, out_deg=0, retention=1.00"
100000006177176100,terminal,0.76831628113879,1,0.4314792483230613,"depth=1, in_deg=1, out_deg=0, retention=1.00"
100000002158488100,terminal,0.8143572064056939,11,0.41366593998775797,"depth=1, in_deg=1, out_deg=0, retention=1.00"
100000000041368100,terminal,0.8669372775800711,2,0.6211042482600005,"depth=1, in_deg=1, out_deg=0, retention=1.00"
100000008722328100,terminal,0.8006783807829181,11,0.39771560222665364,"depth=1, in_deg=1, out_deg=0, retention=1.00"
100000008735384100,terminal,0.8201623665480426,11,0.4223919130378994,"depth=1, in_deg=1, out_deg=0, retention=1.00"
100000004480280100,distributor,0.825185349940688,2,0.7773297928018408,"out_deg=2, out=295,850 KZT, out_tx=7, cross_out=0"
100000004286573100,terminal,0.7865324733096085,14,0.37773845315922405,"depth=1, in_deg=1, out_deg=0, retention=1.00"
100000001746925100,coordinator,0.7678936832740213,2,0.716260924138957,"seed_reach=4, betweenness=94p, PageRank=36p, bridges=1"
100000001660397100,transit,0.9306701176032998,8,0.7044799752481103,"in_deg=2, out_deg=3, pass=1.01, relay_2d=1.00"
100000002591469100,terminal,0.8779470640569395,3,0.484323071385361,"depth=1, in_deg=1, out_deg=0, retention=1.00"
100000002731501100,distributor,0.8878603202846974,15,0.7027339135214281,"out_deg=7, out=833,960 KZT, out_tx=20, cross_out=0"
100000000089154100,distributor,0.9667927046263346,8,0.6989252314691513,"out_deg=15, out=425,500 KZT, out_tx=21, cross_out=8"
100000008732098100,terminal,0.7847642348754448,11,0.37898234186151136,"depth=1, in_deg=1, out_deg=0, retention=1.00"
100000005456919100,terminal,0.9239526903844151,17,0.6192443258272129,"depth=1, in_deg=2, out_deg=1, retention=0.99"
100000000507799100,peripheral,0.549999,90,0.538031413703349,"in_deg=1, out_deg=1, seed_reach=2, depth=1"
100000008716439100,terminal,0.7773910142348754,11,0.3690182633161988,"depth=1, in_deg=1, out_deg=0, retention=1.00"
100000002981527100,terminal,0.8684052491103202,9,0.48160633299217637,"depth=1, in_deg=1, out_deg=0, retention=1.00"
100000002844652100,terminal,0.8385120106761565,3,0.42197227243567276,"depth=1, in_deg=1, out_deg=0, retention=1.00"
100000002605548100,terminal,0.9208518683274021,12,0.7006811623257381,"depth=1, in_deg=2, out_deg=0, retention=1.00"
100000002750956100,terminal,0.8277024021352313,8,0.42953784865805095,"depth=1, in_deg=1, out_deg=0, retention=1.00"
100000002982252100,terminal,0.7961410142348754,11,0.3919522084626196,"depth=1, in_deg=1, out_deg=0, retention=1.00"
100000000961900100,terminal,0.8911476868327401,8,0.4565944464112286,"depth=1, in_deg=2, out_deg=0, retention=1.00"
100000007175718100,terminal,0.7939724199288256,25,0.41557047378531725,"depth=1, in_deg=1, out_deg=0, retention=1.00"
100000002306369100,distributor,0.9344687341128624,2,0.664970776613378,"out_deg=6, out=260,900 KZT, out_tx=9, cross_out=4"
100000000667713100,distributor,0.9077179715302492,1,0.8167809652299456,"out_deg=6, out=79,236 KZT, out_tx=7, cross_out=3"
100000001072022100,terminal,0.9887677935943061,2,0.7798792212576341,"depth=1, in_deg=3, out_deg=0, retention=1.00"
100000008116374100,terminal,0.8139568505338077,1,0.47659050630932237,"depth=1, in_deg=1, out_deg=0, retention=1.00"
100000000703894100,peripheral,0.549999,20,0.5155245368114929,"in_deg=1, out_deg=1, seed_reach=1, depth=1"
100000008066326100,terminal,0.7917370996441281,8,0.3856005625414413,"depth=1, in_deg=1, out_deg=0, retention=1.00"
100000004662806100,distributor,0.776579181494662,14,0.747869125730399,"out_deg=2, out=59,900 KZT, out_tx=3, cross_out=0"
100000005778283100,terminal,0.9744217081850534,3,0.709574891575937,"depth=1, in_deg=3, out_deg=0, retention=1.00"
100000004408683100,terminal,0.9309497330960854,1,0.6057336820702076,"depth=1, in_deg=2, out_deg=0, retention=1.00"
100000002704875100,terminal,0.9606539145907473,49,0.7294898290167452,"depth=1, in_deg=3, out_deg=0, retention=1.00"
100000008349675100,transit,0.7463407256645084,3,0.5317561565855804,"in_deg=1, out_deg=1, pass=0.79, relay_2d=1.00"
100000006889963100,consolidator,0.9440761040359504,48,0.9284999930387319,"in_deg=4, in=1,431,000 KZT, seed_reach=9, retention=0.69"
100000008771819100,terminal,0.8198954626334519,11,0.4220837755465177,"depth=1, in_deg=1, out_deg=0, retention=1.00"
100000008586731100,terminal,0.7766570284697508,14,0.3666377784625813,"depth=1, in_deg=1, out_deg=0, retention=1.00"
100000005844459100,terminal,0.9412700177935943,8,0.6154928133977344,"depth=1, in_deg=2, out_deg=0, retention=1.00"
100000008172352100,distributor,0.869488434163701,88,0.8265399196897718,"out_deg=7, out=289,510 KZT, out_tx=8, cross_out=0"
100000001162560100,distributor,0.9701769093895428,9,0.7228746181971907,"out_deg=12, out=2,904,398 KZT, out_tx=14, cross_out=2"
100000008779584100,terminal,0.8140235765124555,11,0.4132081676603937,"depth=1, in_deg=1, out_deg=0, retention=1.00"
100000007631637100,terminal,0.7839301601423487,11,0.37747079074475576,"depth=1, in_deg=1, out_deg=0, retention=1.00"
100000007347733100,terminal,0.799210409252669,7,0.4395536074108615,"depth=1, in_deg=1, out_deg=0, retention=1.00"
100000001463701100,terminal,0.9599532918149466,12,0.7283852222254753,"depth=1, in_deg=2, out_deg=0, retention=1.00"
100000008664469100,terminal,0.8037811387900355,2,0.5310765140205739,"depth=1, in_deg=1, out_deg=0, retention=1.00"
100000003923946100,distributor,0.8659208185053382,3,0.7514091030765147,"out_deg=4, out=675,000 KZT, out_tx=4, cross_out=0"
100000006562026100,terminal,0.9256116548042703,7,0.6159951777129361,"depth=1, in_deg=2, out_deg=0, retention=1.00"
100000008776298100,terminal,0.823298487544484,11,0.4261823024982273,"depth=1, in_deg=1, out_deg=0, retention=1.00"
100000006446271100,terminal,0.9082406583629893,2,0.6289573957460938,"depth=1, in_deg=2, out_deg=0, retention=1.00"
100000004588479100,terminal,0.9096196619217081,1,0.5761355456819037,"depth=1, in_deg=1, out_deg=0, retention=1.00"
100000002324543100,terminal,0.8130226868327401,9,0.40059906498395964,"depth=1, in_deg=1, out_deg=0, retention=1.00"
100000007129492100,transit,0.7485010907693156,12,0.7801742326137199,"in_deg=2, out_deg=1, pass=0.73, relay_2d=0.50"
100000003877908100,terminal,0.8212299822064056,2,0.5532683813392401,"depth=1, in_deg=1, out_deg=0, retention=1.00"
100000002748180100,distributor,0.9499431593515224,50,0.6802665536909384,"out_deg=8, out=679,743 KZT, out_tx=9, cross_out=2"
100000000945428100,terminal,0.849054715302491,8,0.4605655088442694,"depth=1, in_deg=1, out_deg=0, retention=1.00"
100000003115284100,consolidator,0.970420887892532,12,0.9741898666138846,"in_deg=8, in=2,160,500 KZT, seed_reach=9, retention=0.76"
100000005394708100,peripheral,0.549999,0,0.5395232472994725,"in_deg=1, out_deg=1, seed_reach=1, depth=1"
100000008747113100,terminal,0.9350645017793594,48,0.7065607115312496,"depth=1, in_deg=2, out_deg=0, retention=1.00"
100000004491881100,terminal,0.7872998220640569,11,0.3820611778797315,"depth=1, in_deg=1, out_deg=0, retention=1.00"
100000006008169100,terminal,0.8419483985765124,14,0.44575869417387215,"depth=1, in_deg=1, out_deg=0, retention=1.00"
100000002681449100,distributor,0.8262677935943061,4,0.6467579327716961,"out_deg=2, out=133,000 KZT, out_tx=2, cross_out=1"
100000002645609100,terminal,0.9813723309608541,8,0.6888727107627328,"depth=1, in_deg=4, out_deg=0, retention=1.00"
100000006369769100,terminal,0.8212299822064056,11,0.42344186888372404,"depth=1, in_deg=1, out_deg=0, retention=1.00"
100000002173161100,terminal,0.9868549822064057,1,0.7494801868312213,"depth=1, in_deg=3, out_deg=0, retention=1.00"
100000008686313100,consolidator,0.9387538922499125,8,0.9053088338913101,"in_deg=6, in=1,912,716 KZT, seed_reach=3, retention=0.83"
100000004692798100,consolidator,0.7493406728408094,14,0.6633310088350186,"in_deg=2, in=240,305 KZT, seed_reach=1, retention=0.94"
100000002939838100,terminal,0.9732873665480427,1,0.7690320201882257,"depth=1, in_deg=3, out_deg=0, retention=1.00"
100000003119550100,terminal,0.7968082740213522,11,0.3927941750472545,"depth=1, in_deg=1, out_deg=0, retention=1.00"
100000004315838100,consolidator,0.7650008896797152,2,0.716830624111495,"in_deg=2, in=50,000 KZT, seed_reach=5, retention=0.64"
100000002671806100,terminal,0.7777913701067615,14,0.3677663173802361,"depth=1, in_deg=1, out_deg=0, retention=1.00"
100000008716222100,terminal,0.790035587188612,11,0.38518118747722124,"depth=1, in_deg=1, out_deg=0, retention=1.00"
100000005496254100,terminal,0.778125,8,0.36871324595389465,"depth=1, in_deg=1, out_deg=0, retention=1.00"
100000004622227100,distributor,0.8563389679715303,8,0.5013391449915753,"out_deg=3, out=19,000 KZT, out_tx=3, cross_out=2"
100000000274067100,distributor,0.8569528469750891,3,0.6751885397359239,"out_deg=3, out=2,969,000 KZT, out_tx=9, cross_out=0"
100000008782056100,terminal,0.8100200177935942,11,0.408524537621711,"depth=1, in_deg=1, out_deg=0, retention=1.00"
100000006788200100,consolidator,0.8788136849276039,3,0.8034951132737108,"in_deg=4, in=272,156 KZT, seed_reach=3, retention=0.76"
100000001164648100,terminal,0.8419150355871886,84,0.5668907998159796,"depth=1, in_deg=2, out_deg=0, retention=1.00"
100000005133757100,terminal,0.902335409252669,49,0.6554400207591935,"depth=1, in_deg=2, out_deg=0, retention=1.00"
100000006445501100,terminal,0.8500222419928825,12,0.5974748138287739,"depth=1, in_deg=1, out_deg=0, retention=1.00"
100000004390333100,distributor,0.947921384665157,8,0.8153399364114174,"out_deg=9, out=506,500 KZT, out_tx=14, cross_out=4"
100000001641789100,terminal,0.7893349644128114,3,0.587090159625596,"depth=1, in_deg=1, out_deg=0, retention=1.00"
100000000968253100,terminal,0.7825289145907472,11,0.3760628018306294,"depth=1, in_deg=1, out_deg=0, retention=1.00"
100000001527186100,terminal,0.9378447508896797,2,0.6912020070428146,"depth=1, in_deg=1, out_deg=0, retention=1.00"
100000005852946100,terminal,0.8010120106761566,2,0.5279311178411721,"depth=1, in_deg=1, out_deg=0, retention=1.00"
100000001530983100,distributor,0.9480441874258602,1,0.9176029013829639,"out_deg=11, out=1,829,538 KZT, out_tx=17, cross_out=1"
100000008221543100,terminal,0.9578847864768683,54,0.6117735565637192,"depth=1, in_deg=2, out_deg=0, retention=1.00"
100000001937767100,distributor,0.9275311387900358,51,0.9232367950879034,"out_deg=4, out=1,933,000 KZT, out_tx=6, cross_out=1"
100000002462183100,terminal,0.9070729537366548,25,0.5154356709632962,"depth=1, in_deg=1, out_deg=0, retention=1.00"
100000001805543100,terminal,0.8372442170818505,1,0.5047723952405199,"depth=1, in_deg=1, out_deg=0, retention=1.00"
100000002606567100,peripheral,0.549999,8,0.4423274041366043,"in_deg=1, out_deg=1, seed_reach=1, depth=1"
100000007281639100,terminal,0.953480871886121,1,0.6927326982294815,"depth=1, in_deg=2, out_deg=0, retention=1.00"
100000002991079100,consolidator,0.7941916730997661,1,0.7262961100340087,"in_deg=2, in=148,900 KZT, seed_reach=2, retention=0.93"
100000002847207100,terminal,0.8260342526690391,2,0.5598201184908802,"depth=1, in_deg=1, out_deg=0, retention=1.00"
100000000011452100,consolidator,0.7459972986088647,8,0.685606392238343,"in_deg=3, in=110,000 KZT, seed_reach=1, retention=0.85"
100000003148220100,distributor,0.7939575919335706,27,0.6226446227535549,"out_deg=2, out=43,400 KZT, out_tx=4, cross_out=0"
100000002479804100,distributor,0.8264753855278766,2,0.626464592270438,"out_deg=2, out=35,300 KZT, out_tx=2, cross_out=1"
100000008745489100,terminal,0.8359764234875444,11,0.44095340447404974,"depth=1, in_deg=1, out_deg=0, retention=1.00"
100000002289937100,terminal,0.7939724199288256,11,0.38983648802019266,"depth=1, in_deg=1, out_deg=0, retention=1.00"
100000004679953100,consolidator,0.8445667608523068,49,0.7944463786129559,"in_deg=3, in=343,538 KZT, seed_reach=2, retention=0.90"
100000003066385100,terminal,0.8562944839857651,8,0.42791107283632557,"depth=1, in_deg=2, out_deg=0, retention=1.00"
100000008744849100,terminal,0.8240991992882561,11,0.427541003819262,"depth=1, in_deg=1, out_deg=0, retention=1.00"
100000005093521100,terminal,0.7836966192170818,2,0.5071187441617728,"depth=1, in_deg=1, out_deg=0, retention=1.00"
100000006518161100,transit,0.9302254219052043,1,0.9033315064830045,"in_deg=3, out_deg=2, pass=1.00, relay_2d=1.00"
100000001126374100,consolidator,0.8471450177935944,8,0.7422529035626688,"in_deg=4, in=182,500 KZT, seed_reach=2, retention=0.84"
100000004509286100,terminal,0.8212299822064056,2,0.5532683813392401,"depth=1, in_deg=1, out_deg=0, retention=1.00"
100000005056870100,terminal,0.7939724199288256,25,0.41557047378531725,"depth=1, in_deg=1, out_deg=0, retention=1.00"
100000008708368100,terminal,0.8006783807829181,11,0.39771560222665364,"depth=1, in_deg=1, out_deg=0, retention=1.00"
100000005895525100,terminal,0.9101089857651244,25,0.5200575196110184,"depth=1, in_deg=1, out_deg=0, retention=1.00"
100000008716773100,terminal,0.7847642348754448,11,0.37898234186151136,"depth=1, in_deg=1, out_deg=0, retention=1.00"
100000002778085100,terminal,0.8405805160142348,1,0.509735643625553,"depth=1, in_deg=1, out_deg=0, retention=1.00"
100000007055802100,consolidator,0.9279748655238123,8,0.89777476118181,"in_deg=6, in=2,024,999 KZT, seed_reach=3, retention=0.70"
100000003071930100,consolidator,0.9372983164765903,9,0.8573807553763504,"in_deg=3, in=477,610 KZT, seed_reach=5, retention=0.99"
100000002941114100,consolidator,0.8780297138901912,12,0.7937084447262568,"in_deg=2, in=128,510 KZT, seed_reach=5, retention=0.88"
100000003888271100,distributor,0.7831034994068802,18,0.5236954492343865,"out_deg=2, out=25,590 KZT, out_tx=3, cross_out=0"
100000007507343100,terminal,0.8879559608540925,16,0.5483037318615318,"depth=1, in_deg=1, out_deg=0, retention=1.00"
100000008002020100,peripheral,0.549999,14,0.5104799330747709,"in_deg=1, out_deg=1, seed_reach=1, depth=1"
100000001872484100,distributor,0.8613656583629894,19,0.6769554689642309,"out_deg=3, out=514,580 KZT, out_tx=9, cross_out=0"
100000008769636100,terminal,0.7992771352313167,11,0.3960555804689519,"depth=1, in_deg=1, out_deg=0, retention=1.00"
100000004135268100,transit,0.862423585532047,16,0.7183859970991409,"in_deg=2, out_deg=3, pass=0.81, relay_2d=1.00"
100000005316708100,distributor,0.8147760972716489,3,0.5530679819789238,"out_deg=2, out=257,500 KZT, out_tx=4, cross_out=0"
100000008671929100,terminal,0.884063612099644,2,0.6019011682230192,"depth=1, in_deg=1, out_deg=0, retention=1.00"
100000005287097100,distributor,0.9546607085085732,1,0.8723610937514752,"out_deg=9, out=697,300 KZT, out_tx=42, cross_out=2"
100000007283257100,terminal,0.9324844306049821,21,0.5346935169061953,"depth=1, in_deg=1, out_deg=0, retention=1.00"
100000004847758100,distributor,0.9535692545420491,2,0.8271941911577083,"out_deg=15, out=488,800 KZT, out_tx=23, cross_out=6"
100000008737422100,terminal,0.8451178825622775,11,0.45507651354101253,"depth=1, in_deg=1, out_deg=0, retention=1.00"
100000008555918100,distributor,0.7807458481613285,2,0.7041060278666978,"out_deg=2, out=43,300 KZT, out_tx=2, cross_out=0"
100000008094734100,terminal,0.9613767793594307,8,0.7294356318813183,"depth=1, in_deg=4, out_deg=0, retention=1.00"
100000006952718100,terminal,0.8429826512455516,1,0.5132715730146769,"depth=1, in_deg=1, out_deg=0, retention=1.00"
100000005339662100,coordinator,0.9170707295373666,5,0.9069131016037626,"seed_reach=3, betweenness=93p, PageRank=98p, bridges=3"
100000001716579100,terminal,0.7797931494661922,11,0.37265805181528383,"depth=1, in_deg=1, out_deg=0, retention=1.00"
100000002774456100,terminal,0.8321730427046263,12,0.5701415207291737,"depth=1, in_deg=1, out_deg=0, retention=1.00"
100000004394765100,consolidator,0.9150297017039659,1,0.8308993966490572,"in_deg=3, in=603,844 KZT, seed_reach=3, retention=0.86"
100000004004621100,terminal,0.9213078291814947,6,0.6845829787026505,"depth=1, in_deg=3, out_deg=0, retention=1.00"
100000000907277100,terminal,0.7887010676156583,11,0.38348824822733335,"depth=1, in_deg=1, out_deg=0, retention=1.00"
100000003835149100,distributor,0.8498294780545671,10,0.6293235585055703,"out_deg=2, out=4,600,440 KZT, out_tx=13, cross_out=0"
100000004254434100,terminal,0.8641125444839857,11,0.44587767345152773,"depth=1, in_deg=1, out_deg=0, retention=1.00"
100000003635170100,coordinator,0.9432829181494663,79,0.9218308549439345,"seed_reach=5, betweenness=96p, PageRank=96p, bridges=1"
100000006687202100,terminal,0.8307050711743772,8,0.43286002061208817,"depth=1, in_deg=1, out_deg=0, retention=1.00"
100000006030946100,terminal,0.843516459074733,11,0.45276124869673195,"depth=1, in_deg=1, out_deg=0, retention=1.00"
100000002615479100,terminal,0.8761788256227757,9,0.49286444146610825,"depth=1, in_deg=1, out_deg=0, retention=1.00"
100000002952631100,terminal,0.8279025800711743,1,0.49434997225506416,"depth=1, in_deg=1, out_deg=0, retention=1.00"
100000002890167100,terminal,0.8587967081850534,1,0.5386875209654994,"depth=1, in_deg=1, out_deg=0, retention=1.00"
100000008687671100,terminal,0.8191948398576512,11,0.42050770297616286,"depth=1, in_deg=1, out_deg=0, retention=1.00"
100000000810551100,coordinator,0.7758896797153025,2,0.7348144100400087,"seed_reach=4, betweenness=92p, PageRank=44p, bridges=1"
100000008724279100,terminal,0.776189946619217,1,0.4382548750982634,"depth=1, in_deg=1, out_deg=0, retention=1.00"
100000002592567100,distributor,0.8302120403321471,1,0.6476621680335309,"out_deg=2, out=48,600 KZT, out_tx=2, cross_out=1"
100000002670860100,terminal,0.9540480427046263,50,0.6966819709993196,"depth=1, in_deg=2, out_deg=0, retention=1.00"
100000002844897100,terminal,0.7751890569395017,9,0.362837286841476,"depth=1, in_deg=1, out_deg=0, retention=1.00"
100000007938486100,terminal,0.8203959074733096,11,0.42269489550311057,"depth=1, in_deg=1, out_deg=0, retention=1.00"
100000008438656100,consolidator,0.8150355871886121,2,0.7957695621162006,"in_deg=2, in=80,000 KZT, seed_reach=5, retention=0.94"
100000008304139100,distributor,0.9755941789527199,2,0.8625856928635979,"out_deg=24, out=1,692,997 KZT, out_tx=43, cross_out=17"
100000002597003100,peripheral,0.549999,8,0.42588850446610643,"in_deg=1, out_deg=1, seed_reach=1, depth=1"
100000002830055100,terminal,0.7801601423487544,11,0.37305304064339195,"depth=1, in_deg=1, out_deg=0, retention=1.00"
100000004299488100,consolidator,0.9368358876144783,8,0.9005922903100965,"in_deg=6, in=1,749,000 KZT, seed_reach=3, retention=0.80"
100000002809568100,terminal,0.7721863879003559,8,0.36261795833747856,"depth=1, in_deg=1, out_deg=0, retention=1.00"
100000004784224100,peripheral,0.549999,10,0.48600962239184325,"in_deg=1, out_deg=1, seed_reach=1, depth=1"
100000003123296100,terminal,0.8881338967971529,14,0.4746028123961638,"depth=1, in_deg=1, out_deg=0, retention=1.00"
100000004130144100,terminal,0.873776690391459,3,0.47775064184340693,"depth=1, in_deg=1, out_deg=0, retention=1.00"
100000001253557100,terminal,0.9614991103202846,4,0.7405469802569553,"depth=1, in_deg=5, out_deg=0, retention=1.00"
100000008767925100,terminal,0.7872998220640569,11,0.3820611778797315,"depth=1, in_deg=1, out_deg=0, retention=1.00"
100000007181706100,terminal,0.9317282028469751,2,0.702614070827254,"depth=1, in_deg=2, out_deg=0, retention=1.00"
100000003366154100,distributor,0.8375222419928827,2,0.781879576695697,"out_deg=3, out=289,170 KZT, out_tx=3, cross_out=0"
100000007641183100,terminal,0.8088189501779359,1,0.4701228409337849,"depth=1, in_deg=1, out_deg=0, retention=1.00"
100000008663007100,terminal,0.7801601423487544,11,0.37305304064339195,"depth=1, in_deg=1, out_deg=0, retention=1.00"
100000007334196100,terminal,0.8655360320284697,12,0.6218552984203952,"depth=1, in_deg=1, out_deg=0, retention=1.00"
100000003873332100,distributor,0.8677446619217082,13,0.6293796308262072,"out_deg=4, out=286,000 KZT, out_tx=8, cross_out=0"
100000001550388100,terminal,0.8307050711743772,8,0.43286002061208817,"depth=1, in_deg=1, out_deg=0, retention=1.00"
100000008718089100,terminal,0.7842304270462633,11,0.3781060367261851,"depth=1, in_deg=1, out_deg=0, retention=1.00"
100000008728457100,terminal,0.8249332740213523,12,0.562691731941764,"depth=1, in_deg=1, out_deg=0, retention=1.00"
100000004206046100,terminal,0.7758563167259785,1,0.4377970188141149,"depth=1, in_deg=1, out_deg=0, retention=1.00"
100000006579678100,distributor,0.892993772241993,1,0.795463057636013,"out_deg=6, out=1,668,800 KZT, out_tx=15, cross_out=0"
100000002988894100,distributor,0.8238211743772244,2,0.7935739151521698,"out_deg=3, out=77,500 KZT, out_tx=3, cross_out=0"
100000008749406100,terminal,0.7872998220640569,11,0.3820611778797315,"depth=1, in_deg=1, out_deg=0, retention=1.00"
100000005584222100,distributor,0.7842304270462633,8,0.6666687319813223,"out_deg=2, out=108,587 KZT, out_tx=3, cross_out=0"
100000003239859100,terminal,0.7909030249110319,14,0.38251975876088834,"depth=1, in_deg=1, out_deg=0, retention=1.00"
100000003980083100,terminal,0.8116214412811388,28,0.46663519466200387,"depth=1, in_deg=1, out_deg=0, retention=1.00"
100000004351795100,distributor,0.9664944002512038,8,0.89275900226325,"out_deg=14, out=1,715,161 KZT, out_tx=37, cross_out=5"
100000002666248100,terminal,0.8425155693950177,2,0.5804891121214117,"depth=1, in_deg=1, out_deg=0, retention=1.00"
100000005877725100,terminal,0.8419483985765124,11,0.4502070927503846,"depth=1, in_deg=1, out_deg=0, retention=1.00"
100000001697501100,distributor,0.9306944926655673,11,0.7497023462699398,"out_deg=38, out=1,482,606 KZT, out_tx=55, cross_out=0"
100000006972210100,terminal,0.975,9,0.7592562421718916,"depth=1, in_deg=3, out_deg=0, retention=1.00"
100000008749618100,terminal,0.8275022241992882,11,0.4312781125481237,"depth=1, in_deg=1, out_deg=0, retention=1.00"
100000008671026100,terminal,0.8001779359430604,11,0.39704645603984084,"depth=1, in_deg=1, out_deg=0, retention=1.00"
100000001696818100,terminal,0.8344750889679715,2,0.44154249220464026,"depth=1, in_deg=1, out_deg=0, retention=1.00"
100000008679986100,terminal,0.7913701067615658,11,0.386782579727755,"depth=1, in_deg=1, out_deg=0, retention=1.00"
100000003616818100,distributor,0.8268016014234876,15,0.6191071557171092,"out_deg=3, out=240,100 KZT, out_tx=8, cross_out=0"
100000004156082100,distributor,0.9733060211227185,5,0.9638890678402016,"out_deg=26, out=2,319,556 KZT, out_tx=29, cross_out=6"
100000008667058100,terminal,0.7887010676156583,11,0.38348824822733335,"depth=1, in_deg=1, out_deg=0, retention=1.00"
100000008628231100,distributor,0.8426675563463819,77,0.8153435244673669,"out_deg=2, out=627,870 KZT, out_tx=19, cross_out=0"
100000008749063100,terminal,0.7913701067615658,11,0.386782579727755,"depth=1, in_deg=1, out_deg=0, retention=1.00"
100000004494983100,terminal,0.8170929715302491,11,0.41740139403122345,"depth=1, in_deg=1, out_deg=0, retention=1.00"
100000007648946100,peripheral,0.549999,6,0.4157152287624369,"in_deg=1, out_deg=1, seed_reach=1, depth=1"
100000003037660100,terminal,0.8340080071174376,2,0.5684948022053408,"depth=1, in_deg=1, out_deg=0, retention=1.00"
100000002679516100,terminal,0.932317615658363,14,0.6946017972175945,"depth=1, in_deg=3, out_deg=0, retention=1.00"
100000005588444100,terminal,0.7775911921708184,3,0.36337100963565,"depth=1, in_deg=1, out_deg=0, retention=1.00"
100000001307612100,terminal,0.8197620106761565,11,0.4215943083457375,"depth=1, in_deg=1, out_deg=0, retention=1.00"
100000003001564100,peripheral,0.549999,1,0.5375278101467018,"in_deg=1, out_deg=1, seed_reach=2, depth=1"
100000002762076100,consolidator,0.7572503112452728,3,0.665941849583306,"in_deg=2, in=140,350 KZT, seed_reach=2, retention=0.79"
100000005514161100,consolidator,0.9451312194484209,3,0.8845414608242511,"in_deg=4, in=401,500 KZT, seed_reach=6, retention=0.88"
100000008746673100,terminal,0.8342415480427046,11,0.43876723000115536,"depth=1, in_deg=1, out_deg=0, retention=1.00"
100000003265158100,coordinator,0.8825956405693951,14,0.8766891652080234,"seed_reach=4, betweenness=95p, PageRank=68p, bridges=1"
100000001567366100,terminal,0.9553936832740213,1,0.6357369770389648,"depth=1, in_deg=1, out_deg=0, retention=1.00"
100000008777088100,terminal,0.790035587188612,11,0.38518118747722124,"depth=1, in_deg=1, out_deg=0, retention=1.00"
100000002589019100,terminal,0.8166258896797153,14,0.413104054291176,"depth=1, in_deg=1, out_deg=0, retention=1.00"
100000008666075100,terminal,0.8073509786476868,11,0.4044438759740562,"depth=1, in_deg=1, out_deg=0, retention=1.00"
100000008137435100,distributor,0.931205516014235,59,0.7666700062148902,"out_deg=6, out=1,419,700 KZT, out_tx=7, cross_out=1"
100000004403675100,coordinator,0.927613434163701,0,0.8957132312634626,"seed_reach=3, betweenness=99p, PageRank=92p, bridges=4"
100000004677680100,coordinator,0.8346307829181494,12,0.8147755069433722,"seed_reach=5, betweenness=90p, PageRank=96p, bridges=0"
100000005958064100,distributor,0.8050785883748517,51,0.6474197521876688,"out_deg=2, out=163,987 KZT, out_tx=3, cross_out=0"
100000002881669100,terminal,0.7909030249110319,14,0.38251975876088834,"depth=1, in_deg=1, out_deg=0, retention=1.00"
100000002938501100,peripheral,0.549999,1,0.4077875223383682,"in_deg=1, out_deg=1, seed_reach=2, depth=1"
100000006734554100,peripheral,0.549999,20,0.46141806841771105,"in_deg=1, out_deg=1, seed_reach=1, depth=1"
100000008003034100,distributor,0.8998620996441282,6,0.74468277612632,"out_deg=4, out=135,000 KZT, out_tx=4, cross_out=2"
100000003970394100,terminal,0.8477201957295373,14,0.4553760735802036,"depth=1, in_deg=1, out_deg=0, retention=1.00"
100000003205210100,terminal,0.8621997330960853,2,0.6130744853747044,"depth=1, in_deg=1, out_deg=0, retention=1.00"
100000004559194100,terminal,0.9418038256227758,1,0.6016861894526928,"depth=1, in_deg=1, out_deg=0, retention=1.00"
100000008173359100,terminal,0.7643127224199288,1,0.42780280249002745,"depth=1, in_deg=1, out_deg=0, retention=1.00"
100000007953156100,peripheral,0.549999,51,0.6026700266583843,"in_deg=1, out_deg=1, seed_reach=3, depth=2"
100000002224132100,distributor,0.8615040529853696,10,0.7901747457578725,"out_deg=4, out=12,115,000 KZT, out_tx=25, cross_out=0"
100000008547844100,distributor,0.9725736007764478,4,0.908117898241396,"out_deg=19, out=2,042,199 KZT, out_tx=21, cross_out=7"
100000002635780100,terminal,0.8674043594306049,3,0.5239020199251723,"depth=2, in_deg=1, out_deg=0, retention=1.00"
100000001279875100,terminal,0.829036921708185,50,0.4428864628043741,"depth=2, in_deg=1, out_deg=0, retention=1.00"
100000001961048100,terminal,0.8650689501779358,53,0.5879278560364946,"depth=2, in_deg=1, out_deg=0, retention=1.00"
100000000993112100,terminal,0.8634341637010675,88,0.5079231034269616,"depth=2, in_deg=1, out_deg=0, retention=1.00"
100000005547096100,distributor,0.8081924673784104,24,0.607150068127094,"out_deg=2, out=226,300 KZT, out_tx=3, cross_out=0"
100000000331309100,distributor,0.9947474678346564,48,0.974321587004812,"out_deg=99, out=23,001,375 KZT, out_tx=126, cross_out=25"
100000006684930100,terminal,0.7721863879003559,6,0.5321231333288934,"depth=2, in_deg=1, out_deg=0, retention=1.00"
100000004479404100,consolidator,0.8545591315008635,61,0.8064890383375813,"in_deg=2, in=1,492,000 KZT, seed_reach=2, retention=0.80"
100000004134060100,terminal,0.8487210854092526,52,0.6076402350552986,"depth=2, in_deg=1, out_deg=0, retention=1.00"
100000001083990100,terminal,0.8694506227758007,14,0.5712203231164886,"depth=2, in_deg=1, out_deg=0, retention=1.00"
100000004573782100,terminal,0.7825289145907472,3,0.411517959965955,"depth=2, in_deg=1, out_deg=0, retention=1.00"
100000005660203100,distributor,0.7975163107947805,1,0.778242462072815,"out_deg=2, out=41,000 KZT, out_tx=5, cross_out=0"
100000008771627100,terminal,0.7862655693950178,11,0.3882714259100917,"depth=2, in_deg=1, out_deg=0, retention=1.00"
100000000031787100,distributor,0.8042333926453143,3,0.6109882492548299,"out_deg=2, out=90,000 KZT, out_tx=4, cross_out=0"
100000001346560100,consolidator,0.6275578291814947,2,0.7195499201023218,"in_deg=2, in=10,000 KZT, seed_reach=8, retention=0.00"
100000001703168100,peripheral,0.549999,2,0.5931009040553564,"in_deg=1, out_deg=1, seed_reach=2, depth=2"
100000004904960100,terminal,0.8769461743772242,8,0.6450545893763483,"depth=2, in_deg=2, out_deg=0, retention=1.00"
100000004467157100,peripheral,0.549999,65,0.42214351292499586,"in_deg=1, out_deg=1, seed_reach=1, depth=2"
100000008346837100,coordinator,0.9709408362989324,6,0.9649756807053514,"seed_reach=6, betweenness=100p, PageRank=84p, bridges=17"
100000006385877100,transit,0.6354058476158028,9,0.5474165864399589,"in_deg=1, out_deg=1, pass=0.68, relay_2d=1.00"
100000002459093100,peripheral,0.549999,58,0.5425088035690503,"in_deg=1, out_deg=1, seed_reach=1, depth=2"
100000005053653100,consolidator,0.7633660574937938,6,0.7319729478299688,"in_deg=2, in=63,073 KZT, seed_reach=4, retention=0.60"
100000001557930100,terminal,0.8165591637010675,3,0.41459797490691597,"depth=2, in_deg=1, out_deg=0, retention=1.00"
100000002820010100,terminal,0.8116214412811388,3,0.4082003615808414,"depth=2, in_deg=1, out_deg=0, retention=1.00"
100000000769919100,terminal,0.8796485765124554,22,0.5419660983025703,"depth=2, in_deg=1, out_deg=0, retention=1.00"
100000003188607100,peripheral,0.549999,3,0.4490557028149677,"in_deg=1, out_deg=1, seed_reach=1, depth=2"
100000002836052100,terminal,0.7825289145907472,2,0.552932550713286,"depth=2, in_deg=1, out_deg=0, retention=1.00"
100000001102676100,transit,0.8496774911032029,2,0.6955447731088105,"in_deg=1, out_deg=1, pass=1.00, relay_2d=1.00"
100000003390036100,consolidator,0.8725499670745424,12,0.8307262768062093,"in_deg=2, in=231,300 KZT, seed_reach=9, retention=0.73"
100000008335401100,terminal,0.9157139679715302,55,0.6157284936402906,"depth=2, in_deg=1, out_deg=0, retention=1.00"
100000006994985100,transit,0.5961605046410097,3,0.6879925069361171,"in_deg=1, out_deg=1, pass=0.21, relay_2d=1.00"
100000008356606100,terminal,0.9309274911032028,6,0.5610919756832353,"depth=2, in_deg=2, out_deg=0, retention=1.00"
100000007930878100,terminal,0.7596752669039145,18,0.4240438374195342,"depth=2, in_deg=1, out_deg=0, retention=1.00"
100000008389800100,distributor,0.9232695729537366,1,0.7845205298748722,"out_deg=7, out=401,620 KZT, out_tx=8, cross_out=2"
100000005474472100,terminal,0.8537922597864768,10,0.5085512287597327,"depth=2, in_deg=1, out_deg=0, retention=1.00"
100000004486525100,coordinator,0.8656138790035588,8,0.8690929410220815,"seed_reach=3, betweenness=79p, PageRank=93p, bridges=2"
100000003031890100,terminal,0.9385342526690391,15,0.5394487008894833,"depth=2, in_deg=1, out_deg=0, retention=1.00"
100000008624978100,terminal,0.8568282918149466,52,0.6181733493515389,"depth=2, in_deg=1, out_deg=0, retention=1.00"
100000000790311100,terminal,0.8261009786476867,5,0.5462278581610502,"depth=2, in_deg=1, out_deg=0, retention=1.00"
100000008546855100,coordinator,0.907161921708185,13,0.8657311412544959,"seed_reach=3, betweenness=91p, PageRank=97p, bridges=3"
100000002863356100,peripheral,0.549999,11,0.4624514378631855,"in_deg=1, out_deg=1, seed_reach=1, depth=2"
100000000332284100,coordinator,0.9155026690391459,48,0.8668267186754366,"seed_reach=3, betweenness=94p, PageRank=92p, bridges=11"
100000002605308100,terminal,0.991258896797153,51,0.7444176454537179,"depth=2, in_deg=3, out_deg=0, retention=1.00"
100000005931985100,terminal,0.8448176156583629,50,0.46464781156158513,"depth=2, in_deg=1, out_deg=0, retention=1.00"
100000001166289100,terminal,0.8035013288782475,11,0.5924599817166308,"depth=2, in_deg=2, out_deg=1, retention=0.97"
100000008477350100,distributor,0.9726619217081852,8,0.946346339026567,"out_deg=39, out=3,374,866 KZT, out_tx=44, cross_out=8"
100000003824464100,terminal,0.873776690391459,59,0.4998673372205993,"depth=2, in_deg=1, out_deg=0, retention=1.00"
100000002738256100,transit,0.6585771314404045,16,0.5511207009885938,"in_deg=1, out_deg=1, pass=1.17, relay_2d=1.00"
100000001857829100,distributor,0.9549559204141055,49,0.9241904671213237,"out_deg=16, out=2,390,993 KZT, out_tx=16, cross_out=3"
100000008672762100,terminal,0.7786588078291814,11,0.3781855226549426,"depth=2, in_deg=1, out_deg=0, retention=1.00"
100000001737722100,terminal,0.8383118327402135,2,0.536599299760397,"depth=2, in_deg=1, out_deg=0, retention=1.00"
100000005572303100,peripheral,0.549999,1,0.6075414699726522,"in_deg=1, out_deg=1, seed_reach=3, depth=2"
100000008733049100,terminal,0.7721863879003559,5,0.4772966208733774,"depth=2, in_deg=1, out_deg=0, retention=1.00"
100000000850297100,transit,0.7498554270462634,12,0.47964092446836304,"in_deg=1, out_deg=1, pass=1.00, relay_2d=1.00"
100000005140601100,distributor,0.8377535587188613,49,0.7318465815444135,"out_deg=2, out=195,300 KZT, out_tx=5, cross_out=1"
100000004410489100,terminal,0.8349088078291814,2,0.5301651745905546,"depth=2, in_deg=1, out_deg=0, retention=1.00"
100000006852430100,terminal,0.8187277580071174,12,0.6195812772446397,"depth=2, in_deg=1, out_deg=0, retention=1.00"
100000003166755100,terminal,0.8018794483985765,2,0.46835406451770717,"depth=2, in_deg=1, out_deg=0, retention=1.00"
100000008258083100,consolidator,0.8519300929820528,53,0.8380608708575734,"in_deg=2, in=3,149,500 KZT, seed_reach=3, retention=0.35"
100000003054328100,distributor,0.7995180901542112,50,0.625814924655722,"out_deg=2, out=193,720 KZT, out_tx=2, cross_out=0"
100000008473207100,terminal,0.9299377224199288,2,0.697523589083048,"depth=2, in_deg=1, out_deg=0, retention=1.00"
100000008104567100,coordinator,0.8599532918149466,55,0.7844860621432377,"seed_reach=2, betweenness=99p, PageRank=83p, bridges=3"
100000002721825100,terminal,0.775556049822064,8,0.4395175411265987,"depth=2, in_deg=1, out_deg=0, retention=1.00"
100000003509750100,distributor,0.8084297153024912,3,0.6546382267085511,"out_deg=3, out=78,400 KZT, out_tx=5, cross_out=0"
100000007322059100,transit,0.7503961716502365,88,0.6308560147683301,"in_deg=2, out_deg=1, pass=0.78, relay_2d=0.50"
100000004441291100,terminal,0.7939724199288256,2,0.5887047801254706,"depth=2, in_deg=1, out_deg=0, retention=1.00"
100000006122699100,terminal,0.8880226868327402,14,0.6214342080733393,"depth=2, in_deg=2, out_deg=0, retention=1.00"
100000008254069100,distributor,0.9109801304863584,0,0.8554685235334807,"out_deg=5, out=107,500 KZT, out_tx=6, cross_out=1"
100000003336565100,terminal,0.7864657473309608,11,0.38856088695958957,"depth=2, in_deg=1, out_deg=0, retention=1.00"
100000002492277100,terminal,0.8624332740213523,2,0.5527199430684113,"depth=2, in_deg=1, out_deg=0, retention=1.00"
100000001339466100,terminal,0.8116214412811388,2,0.5392501836448984,"depth=2, in_deg=1, out_deg=0, retention=1.00"
100000005022964100,terminal,0.7939724199288256,2,0.5609467730080328,"depth=2, in_deg=1, out_deg=0, retention=1.00"
100000003112436100,terminal,0.8537922597864768,1,0.5964515846316188,"depth=2, in_deg=1, out_deg=0, retention=1.00"
100000000489417100,transit,0.7911177080735045,6,0.7821085638420241,"in_deg=3, out_deg=1, pass=1.09, relay_2d=0.50"
100000002217161100,distributor,0.8964832937920126,69,0.8559722419625844,"out_deg=7, out=995,132 KZT, out_tx=19, cross_out=0"
100000002469065100,terminal,0.873776690391459,1,0.6284482980746919,"depth=2, in_deg=1, out_deg=0, retention=1.00"
100000007337374100,terminal,0.8339857651245551,11,0.41576031096770055,"depth=2, in_deg=1, out_deg=0, retention=1.00"
100000003249054100,consolidator,0.871565184878479,2,0.7911072746576031,"in_deg=7, in=99,700 KZT, seed_reach=3, retention=0.85"
100000003024542100,terminal,0.7679159252669039,2,0.5368947104056049,"depth=2, in_deg=1, out_deg=0, retention=1.00"
100000002718366100,terminal,0.996163256227758,9,0.8028648014828605,"depth=2, in_deg=6, out_deg=0, retention=1.00"
100000005059998100,terminal,0.790035587188612,8,0.4022254368007329,"depth=2, in_deg=1, out_deg=0, retention=1.00"
100000004071070100,consolidator,0.7449521525909211,8,0.6012825755610898,"in_deg=2, in=41,000 KZT, seed_reach=2, retention=0.85"
100000001584286100,terminal,0.9718527580071175,50,0.7486938688719446,"depth=2, in_deg=2, out_deg=0, retention=1.00"
100000008701256100,terminal,0.8370440391459074,8,0.5243966832159673,"depth=2, in_deg=1, out_deg=0, retention=1.00"
100000001490461100,peripheral,0.549999,55,0.5457719233639046,"in_deg=1, out_deg=1, seed_reach=2, depth=2"
100000008531186100,terminal,0.8600311387900356,2,0.6055189397188959,"depth=2, in_deg=1, out_deg=0, retention=1.00"
100000004765639100,distributor,0.7681123962040332,8,0.503888884869119,"out_deg=2, out=11,000 KZT, out_tx=2, cross_out=0"
100000002983879100,terminal,0.9366659252669038,2,0.7177994144437975,"depth=2, in_deg=2, out_deg=0, retention=1.00"
100000008734364100,terminal,0.8069839857651245,11,0.4123666893271587,"depth=2, in_deg=1, out_deg=0, retention=1.00"
100000003192220100,terminal,0.8777580071174377,83,0.5045342469096189,"depth=2, in_deg=1, out_deg=0, retention=1.00"
100000008060273100,terminal,0.8121997330960854,2,0.5553530413953228,"depth=2, in_deg=1, out_deg=0, retention=1.00"
100000008205937100,terminal,0.8677379893238434,6,0.6105773837829586,"depth=2, in_deg=1, out_deg=0, retention=1.00"
100000005507142100,distributor,0.8078514234875446,85,0.6546780757910899,"out_deg=3, out=100,000 KZT, out_tx=4, cross_out=0"
100000005539910100,distributor,0.7734949584816133,2,0.7224289773440927,"out_deg=2, out=22,000 KZT, out_tx=2, cross_out=0"
100000002459163100,terminal,0.7958741103202847,19,0.43969592365066584,"depth=2, in_deg=1, out_deg=0, retention=1.00"
100000004666651100,terminal,0.8907584519572953,77,0.6675206816105198,"depth=2, in_deg=1, out_deg=0, retention=1.00"
100000003927792100,terminal,0.7789924377224199,5,0.4868913097006578,"depth=2, in_deg=1, out_deg=0, retention=1.00"
100000000607941100,consolidator,0.6915258007117439,1,0.7299132858608863,"in_deg=2, in=50,000 KZT, seed_reach=3, retention=0.00"
100000004158362100,terminal,0.7766570284697508,8,0.4557346747817675,"depth=2, in_deg=1, out_deg=0, retention=1.00"
100000005664922100,distributor,0.8348887900355872,10,0.6929033780229468,"out_deg=3, out=537,000 KZT, out_tx=4, cross_out=0"
100000007594394100,coordinator,0.8810053380782918,13,0.9020737744779903,"seed_reach=4, betweenness=89p, PageRank=71p, bridges=4"
100000000979567100,terminal,0.7721863879003559,11,0.4363046279908151,"depth=2, in_deg=1, out_deg=0, retention=1.00"
100000002831727100,peripheral,0.549999,13,0.5072762946685961,"in_deg=1, out_deg=1, seed_reach=1, depth=2"
100000003062895100,terminal,0.94774243772242,4,0.6794222773524781,"depth=2, in_deg=2, out_deg=0, retention=1.00"
100000008376089100,terminal,0.8617660142348754,53,0.582992333026698,"depth=2, in_deg=1, out_deg=0, retention=1.00"
100000003219438100,terminal,0.8146241103202847,65,0.4638750223538096,"depth=2, in_deg=1, out_deg=0, retention=1.00"
100000000967918100,terminal,0.8478870106761566,8,0.5474741358076914,"depth=2, in_deg=1, out_deg=0, retention=1.00"
100000003254723100,terminal,0.9406694839857651,2,0.6854515212543562,"depth=2, in_deg=1, out_deg=0, retention=1.00"
100000003823811100,distributor,0.8694617437722421,0,0.7577360599794181,"out_deg=3, out=66,130 KZT, out_tx=3, cross_out=1"
100000008587459100,distributor,0.8080738434163701,8,0.7083004040866143,"out_deg=2, out=686,500 KZT, out_tx=4, cross_out=0"
100000008603331100,distributor,0.9252446619217083,4,0.769575226546243,"out_deg=6, out=741,774 KZT, out_tx=6, cross_out=1"
100000008758168100,distributor,0.9198049059481445,52,0.871606808738752,"out_deg=5, out=1,533,600 KZT, out_tx=5, cross_out=1"
100000003724440100,terminal,0.8930271352313167,2,0.6566120180672921,"depth=2, in_deg=2, out_deg=0, retention=1.00"
100000000291906100,transit,0.8671953480929238,71,0.776971497426624,"in_deg=2, out_deg=2, pass=1.17, relay_2d=1.00"
100000005077484100,distributor,0.7691800118623962,20,0.6283906748383926,"out_deg=2, out=13,550 KZT, out_tx=2, cross_out=0"
100000004192107100,terminal,0.8037811387900355,2,0.4917090149028815,"depth=2, in_deg=1, out_deg=0, retention=1.00"
100000002193259100,coordinator,0.8411143238434164,14,0.8048308432257492,"seed_reach=4, betweenness=92p, PageRank=94p, bridges=0"
100000005481280100,distributor,0.8656361209964414,5,0.7641165730527596,"out_deg=3, out=50,000 KZT, out_tx=3, cross_out=1"
100000004527381100,transit,0.6197842526690392,5,0.6230395860275559,"in_deg=1, out_deg=1, pass=2.29, relay_2d=1.00"
100000001578517100,terminal,0.8116214412811388,1,0.5367368384491689,"depth=2, in_deg=1, out_deg=0, retention=1.00"
100000003741418100,consolidator,0.8806590541164234,48,0.8175248113189448,"in_deg=9, in=151,900 KZT, seed_reach=3, retention=0.74"
100000008737514100,terminal,0.8477201957295373,5,0.577132742764987,"depth=2, in_deg=1, out_deg=0, retention=1.00"
100000002870463100,consolidator,0.8438790465384155,3,0.8178213360074513,"in_deg=3, in=207,000 KZT, seed_reach=2, retention=0.95"
100000008545727100,distributor,0.8961012963904423,55,0.7703123182407295,"out_deg=6, out=1,866,500 KZT, out_tx=7, cross_out=0"
100000000425407100,terminal,0.7939724199288256,2,0.416774175143264,"depth=2, in_deg=1, out_deg=0, retention=1.00"
100000001418900100,terminal,0.861910587188612,11,0.45006160405375967,"depth=2, in_deg=1, out_deg=0, retention=1.00"
100000001677929100,distributor,0.7892660142348755,3,0.6518983394408878,"out_deg=2, out=286,098 KZT, out_tx=4, cross_out=0"
100000002539625100,terminal,0.8513233985765124,4,0.4839108025670508,"depth=2, in_deg=1, out_deg=0, retention=1.00"
100000001965374100,distributor,0.8491236654804271,10,0.6814564667271628,"out_deg=3, out=3,082,100 KZT, out_tx=5, cross_out=0"
100000001287955100,distributor,0.9125845195729538,50,0.7102253328313525,"out_deg=4, out=310,000 KZT, out_tx=5, cross_out=2"
100000005402643100,peripheral,0.549999,9,0.47988522707782677,"in_deg=1, out_deg=1, seed_reach=1, depth=2"
100000008752616100,distributor,0.887719948596283,9,0.8521769152160592,"out_deg=7, out=1,265,000 KZT, out_tx=7, cross_out=0"
100000000733373100,terminal,0.7750556049822064,1,0.5119358833433642,"depth=2, in_deg=1, out_deg=0, retention=1.00"
100000008531133100,distributor,0.8794261565836299,1,0.7192167996003904,"out_deg=3, out=158,272 KZT, out_tx=3, cross_out=1"
100000005933757100,distributor,0.9834683461322347,51,0.9148837943726107,"out_deg=34, out=3,002,628 KZT, out_tx=46, cross_out=10"
100000006490557100,terminal,0.7596752669039145,3,0.3499780011206018,"depth=2, in_deg=1, out_deg=0, retention=1.00"
100000008497298100,terminal,0.8970640569395018,9,0.5298280140742898,"depth=2, in_deg=1, out_deg=0, retention=1.00"
100000005168487100,coordinator,0.6501000889679716,12,0.6826144902150654,"seed_reach=4, betweenness=37p, PageRank=98p, bridges=0"
100000005799271100,terminal,0.8649466192170818,12,0.6291035265345972,"depth=2, in_deg=1, out_deg=0, retention=1.00"
100000000912487100,terminal,0.7721863879003559,2,0.4879950194498898,"depth=2, in_deg=1, out_deg=0, retention=1.00"
100000007982908100,terminal,0.813689946619217,11,0.42089154242184335,"depth=2, in_deg=1, out_deg=0, retention=1.00"
100000005413948100,consolidator,0.6142851574053579,4,0.5539516984962614,"in_deg=2, in=28,215 KZT, seed_reach=1, retention=0.82"
100000000724540100,peripheral,0.549999,52,0.6280317339629029,"in_deg=1, out_deg=1, seed_reach=4, depth=2"
100000005730108100,terminal,0.7671819395017793,8,0.4913814219230608,"depth=2, in_deg=1, out_deg=0, retention=1.00"
100000002566204100,terminal,0.8461854982206405,12,0.4723286514519149,"depth=2, in_deg=1, out_deg=0, retention=1.00"
100000000625169100,terminal,0.7721863879003559,11,0.3692895034356549,"depth=2, in_deg=1, out_deg=0, retention=1.00"
100000001114385100,terminal,0.8101534697508896,2,0.47794361272393726,"depth=2, in_deg=1, out_deg=0, retention=1.00"
100000002964966100,terminal,0.873776690391459,2,0.5887240987864357,"depth=2, in_deg=1, out_deg=0, retention=1.00"
100000008771814100,terminal,0.8008785587188612,11,0.4058565640966112,"depth=2, in_deg=1, out_deg=0, retention=1.00"
100000001241318100,terminal,0.8340080071174376,8,0.48455873422622775,"depth=2, in_deg=1, out_deg=0, retention=1.00"
100000001250022100,terminal,0.8307050711743772,3,0.43210504890952206,"depth=2, in_deg=1, out_deg=0, retention=1.00"
100000006534886100,peripheral,0.549999,1,0.5181354445706584,"in_deg=1, out_deg=1, seed_reach=1, depth=2"
100000008655035100,terminal,0.8116214412811388,3,0.5446327459224783,"depth=2, in_deg=1, out_deg=0, retention=1.00"
100000005932987100,terminal,0.8544261565836299,65,0.4733797592682433,"depth=2, in_deg=1, out_deg=0, retention=1.00"
100000008636603100,distributor,0.9159252669039145,14,0.8286669336547364,"out_deg=6, out=159,375 KZT, out_tx=7, cross_out=4"
100000008710843100,distributor,0.9663152431791222,52,0.8335658678239622,"out_deg=13, out=1,985,500 KZT, out_tx=14, cross_out=6"
100000000917179100,terminal,0.8910698398576512,51,0.5129829650173408,"depth=2, in_deg=1, out_deg=0, retention=1.00"
100000004209339100,distributor,0.8282992289442468,79,0.8102822206484825,"out_deg=2, out=238,500 KZT, out_tx=11, cross_out=0"
100000008765627100,terminal,0.8377446619217082,3,0.4418470434695239,"depth=2, in_deg=1, out_deg=0, retention=1.00"
100000002443664100,terminal,0.9728870106761566,50,0.7463046639124755,"depth=2, in_deg=3, out_deg=0, retention=1.00"
100000008144528100,terminal,0.9938389679715302,1,0.7928513660688707,"depth=2, in_deg=5, out_deg=0, retention=1.00"
100000003988112100,transit,0.6315809705245242,0,0.6479420056967545,"in_deg=1, out_deg=1, pass=0.70, relay_2d=1.00"
100000008008463100,terminal,0.8349755338078291,3,0.43701366458420116,"depth=2, in_deg=1, out_deg=0, retention=1.00"
100000006679055100,terminal,0.8037811387900355,2,0.5294314348317072,"depth=2, in_deg=1, out_deg=0, retention=1.00"
100000007382543100,distributor,0.8599421708185053,66,0.748135556556769,"out_deg=5, out=427,000 KZT, out_tx=8, cross_out=0"
100000007749092100,peripheral,0.549999,1,0.46798262228791676,"in_deg=1, out_deg=1, seed_reach=1, depth=2"
100000004221668100,distributor,0.8334042958820539,58,0.7567471011598922,"out_deg=3, out=731,440 KZT, out_tx=10, cross_out=0"
100000008174521100,terminal,0.846719306049822,1,0.6005425177256792,"depth=2, in_deg=1, out_deg=0, retention=1.00"
100000002692750100,consolidator,0.7833126782237506,3,0.7568593745067793,"in_deg=3, in=112,830 KZT, seed_reach=3, retention=0.32"
100000002173070100,terminal,0.8116214412811388,1,0.5367368384491689,"depth=2, in_deg=1, out_deg=0, retention=1.00"
100000005911352100,distributor,0.793741103202847,90,0.6010944353514829,"out_deg=3, out=24,000 KZT, out_tx=3, cross_out=0"
100000003068941100,consolidator,0.8157530097675476,8,0.7868006523717639,"in_deg=3, in=94,000 KZT, seed_reach=3, retention=0.73"
100000001420847100,terminal,0.8339857651245551,13,0.4331535494018643,"depth=2, in_deg=1, out_deg=0, retention=1.00"
100000005602999100,distributor,0.7782102609727164,79,0.7012754507054181,"out_deg=2, out=16,000 KZT, out_tx=3, cross_out=0"
100000000723383100,distributor,0.7883526097271649,78,0.6338286292450459,"out_deg=2, out=75,000 KZT, out_tx=2, cross_out=0"
100000006977207100,distributor,0.9754003558718861,49,0.720785075092136,"out_deg=15, out=4,157,018 KZT, out_tx=15, cross_out=2"
100000001273783100,terminal,0.799410587188612,12,0.4106097315140986,"depth=2, in_deg=1, out_deg=0, retention=1.00"
100000000201868100,transit,0.6998554270462634,83,0.5813707024393115,"in_deg=1, out_deg=1, pass=1.00, relay_2d=1.00"
100000007777377100,terminal,0.8388732425954524,1,0.8682128314358714,"depth=2, in_deg=1, out_deg=2, retention=0.98"
100000004192865100,terminal,0.8407139679715302,20,0.4970358489817916,"depth=2, in_deg=1, out_deg=0, retention=1.00"
100000006901046100,peripheral,0.549999,1,0.5004454633760745,"in_deg=1, out_deg=1, seed_reach=1, depth=2"
100000000437046100,distributor,0.9794614821017376,8,0.9679044684449379,"out_deg=42, out=7,606,224 KZT, out_tx=73, cross_out=10"
100000008765494100,terminal,0.8015124555160141,11,0.4066974566940345,"depth=2, in_deg=1, out_deg=0, retention=1.00"
100000008713270100,distributor,0.8340080071174378,3,0.5898757396947204,"out_deg=3, out=190,000 KZT, out_tx=3, cross_out=0"
100000003603979100,terminal,0.9184163701067615,15,0.547390719776559,"depth=2, in_deg=1, out_deg=0, retention=1.00"
100000000943371100,terminal,0.7840302491103203,6,0.5497623273443901,"depth=2, in_deg=1, out_deg=0, retention=1.00"
100000008672480100,terminal,0.7786588078291814,11,0.3781855226549426,"depth=2, in_deg=1, out_deg=0, retention=1.00"
100000008691168100,terminal,0.8015124555160141,11,0.4066974566940345,"depth=2, in_deg=1, out_deg=0, retention=1.00"
100000003237045100,peripheral,0.549999,1,0.48201320176773366,"in_deg=1, out_deg=1, seed_reach=1, depth=2"
100000008736394100,terminal,0.7854982206405694,11,0.38695344005798926,"depth=2, in_deg=1, out_deg=0, retention=1.00"
100000004160650100,distributor,0.9118698102016608,15,0.6967649587509205,"out_deg=10, out=1,489,827 KZT, out_tx=40, cross_out=0"
100000000629812100,terminal,0.8602646797153024,82,0.6322655888770392,"depth=2, in_deg=2, out_deg=0, retention=1.00"
100000000955444100,terminal,0.7651801601423487,18,0.4145856312788334,"depth=2, in_deg=1, out_deg=0, retention=1.00"
100000008731444100,distributor,0.94019128113879,8,0.8909179291949407,"out_deg=9, out=879,768 KZT, out_tx=9, cross_out=3"
100000008413748100,distributor,0.9731850533807829,54,0.8752940953314503,"out_deg=18, out=1,377,320 KZT, out_tx=21, cross_out=7"
100000006787636100,terminal,0.7939724199288256,83,0.4374592285240469,"depth=2, in_deg=1, out_deg=0, retention=1.00"
100000005942793100,terminal,0.9188723309608541,8,0.6566330025137563,"depth=2, in_deg=4, out_deg=0, retention=1.00"
100000008730846100,coordinator,0.9290035587188612,12,0.9218437377728839,"seed_reach=4, betweenness=95p, PageRank=82p, bridges=7"
100000002570206100,terminal,0.9305271352313167,54,0.6445606646380149,"depth=2, in_deg=2, out_deg=0, retention=1.00"
100000000785800100,transit,0.7498554270462634,19,0.5168335459716363,"in_deg=1, out_deg=1, pass=1.00, relay_2d=1.00"
100000007382152100,terminal,0.7633118327402135,8,0.4277966705180855,"depth=2, in_deg=1, out_deg=0, retention=1.00"
100000000910216100,transit,0.553807735201243,2,0.6518774899894039,"in_deg=1, out_deg=1, pass=0.73, relay_2d=0.00"
100000003131016100,peripheral,0.549999,8,0.6025594085594838,"in_deg=1, out_deg=1, seed_reach=2, depth=2"
100000003221384100,terminal,0.8948954626334519,5,0.6501680593778664,"depth=2, in_deg=1, out_deg=0, retention=1.00"
100000002156381100,coordinator,0.8231983985765126,79,0.7677270008520656,"seed_reach=4, betweenness=90p, PageRank=96p, bridges=0"
100000002779485100,terminal,0.890035587188612,49,0.5236875491069805,"depth=2, in_deg=1, out_deg=0, retention=1.00"
100000008774237100,peripheral,0.549999,15,0.4587701681266039,"in_deg=1, out_deg=1, seed_reach=1, depth=2"
100000002628146100,terminal,0.8531694839857651,88,0.46019127103340146,"depth=2, in_deg=1, out_deg=0, retention=1.00"
100000002852402100,terminal,0.8355760676156583,5,0.46246967214602186,"depth=2, in_deg=1, out_deg=0, retention=1.00"
100000006989106100,terminal,0.8793594306049821,3,0.5057299260082189,"depth=2, in_deg=1, out_deg=0, retention=1.00"
100000002958343100,distributor,0.8470714709371293,3,0.6720859356055032,"out_deg=2, out=1,390,000 KZT, out_tx=17, cross_out=0"
100000008461532100,distributor,0.8992838078291816,57,0.8721781245763249,"out_deg=8, out=2,530,090 KZT, out_tx=9, cross_out=0"
100000004400305100,distributor,0.9906223759446598,8,0.888504000136137,"out_deg=82, out=5,830,181 KZT, out_tx=101, cross_out=19"
100000000297649100,coordinator,0.6424266014234876,14,0.6218352758590008,"seed_reach=4, betweenness=37p, PageRank=93p, bridges=0"
100000003191430100,terminal,0.8699065836298931,1,0.5210567467806259,"depth=2, in_deg=1, out_deg=0, retention=1.00"
100000003275398100,peripheral,0.549999,15,0.470330542775845,"in_deg=1, out_deg=1, seed_reach=1, depth=2"
100000005203590100,terminal,0.8494217081850534,3,0.4619057314612355,"depth=2, in_deg=1, out_deg=0, retention=1.00"
100000008672603100,terminal,0.7972419928825623,2,0.48426424553485625,"depth=2, in_deg=1, out_deg=0, retention=1.00"
100000000718427100,terminal,0.7637455516014234,11,0.3572654236721548,"depth=2, in_deg=1, out_deg=0, retention=1.00"
100000003104347100,peripheral,0.549999,59,0.534684527481736,"in_deg=1, out_deg=1, seed_reach=1, depth=2"
100000002974256100,terminal,0.766181049822064,14,0.43294438286156933,"depth=2, in_deg=1, out_deg=0, retention=1.00"
100000007173936100,terminal,0.7721863879003559,53,0.4699345212292493,"depth=2, in_deg=1, out_deg=0, retention=1.00"
100000002744581100,terminal,0.7766570284697508,3,0.41587702353621586,"depth=2, in_deg=1, out_deg=0, retention=1.00"
100000000596954100,distributor,0.7821693357058126,2,0.7821100273798688,"out_deg=2, out=48,100 KZT, out_tx=2, cross_out=0"
100000004950490100,terminal,0.7721863879003559,3,0.4140181511224877,"depth=2, in_deg=1, out_deg=0, retention=1.00"
100000008772058100,terminal,0.8307050711743772,11,0.44318156136503806,"depth=2, in_deg=1, out_deg=0, retention=1.00"
100000000971908100,terminal,0.8488879003558718,3,0.46111439069547033,"depth=2, in_deg=1, out_deg=0, retention=1.00"
100000008687492100,terminal,0.7825289145907472,11,0.38344856494816143,"depth=2, in_deg=1, out_deg=0, retention=1.00"
100000003159641100,coordinator,0.8435053380782918,74,0.8041322095194882,"seed_reach=4, betweenness=91p, PageRank=44p, bridges=4"
100000005326681100,terminal,0.8138901245551601,5,0.5292459114242891,"depth=2, in_deg=1, out_deg=0, retention=1.00"
100000006888238100,peripheral,0.549999,27,0.5034707384021564,"in_deg=1, out_deg=1, seed_reach=1, depth=2"
100000001290243100,terminal,0.7721863879003559,1,0.41041494827551256,"depth=2, in_deg=1, out_deg=0, retention=1.00"
100000008289539100,terminal,0.7813945729537366,5,0.4906700085974686,"depth=2, in_deg=1, out_deg=0, retention=1.00"
100000000821507100,terminal,0.8896574733096085,53,0.6291411662484784,"depth=2, in_deg=1, out_deg=0, retention=1.00"
100000003086040100,terminal,0.7749555160142348,8,0.5171407183135167,"depth=2, in_deg=1, out_deg=0, retention=1.00"
100000002969048100,terminal,0.8566614768683274,3,0.4716999093295277,"depth=2, in_deg=1, out_deg=0, retention=1.00"
100000002826669100,terminal,0.9220306939501779,8,0.6451666203589302,"depth=2, in_deg=1, out_deg=0, retention=1.00"
100000002293421100,distributor,0.7822286476868328,8,0.6393094395485909,"out_deg=2, out=47,000 KZT, out_tx=5, cross_out=0"
100000004732589100,terminal,0.8766792704626334,12,0.5168475112130755,"depth=2, in_deg=1, out_deg=0, retention=1.00"
100000003003821100,terminal,0.8212299822064056,2,0.5993653025493924,"depth=2, in_deg=1, out_deg=0, retention=1.00"
100000005237935150,terminal,0.8163589857651246,50,0.4257676790616309,"depth=2, in_deg=1, out_deg=0, retention=1.00"
100000004463277100,terminal,0.8170929715302491,20,0.4824208742930415,"depth=2, in_deg=1, out_deg=0, retention=1.00"
100000006523053100,terminal,0.7596752669039145,2,0.5704406345725591,"depth=2, in_deg=1, out_deg=0, retention=1.00"
100000001954903100,terminal,0.8084853202846974,12,0.41988200484038185,"depth=2, in_deg=1, out_deg=0, retention=1.00"
100000005328215100,terminal,0.8080849644128113,12,0.41937070089940603,"depth=2, in_deg=1, out_deg=0, retention=1.00"
100000004424023100,coordinator,0.7772575622775801,3,0.7429313389451093,"seed_reach=5, betweenness=85p, PageRank=95p, bridges=0"
100000002299948100,terminal,0.7648798932384341,88,0.3768777754533912,"depth=2, in_deg=1, out_deg=0, retention=1.00"
100000005105153100,terminal,0.8116214412811388,8,0.5670526747481012,"depth=2, in_deg=1, out_deg=0, retention=1.00"
100000001985793100,terminal,0.8904248220640569,58,0.5282921594749412,"depth=2, in_deg=1, out_deg=0, retention=1.00"
100000003134934100,terminal,0.9715858540925267,8,0.7326496985894372,"depth=2, in_deg=4, out_deg=0, retention=1.00"
100000006240939100,distributor,0.9273502372479242,58,0.7148992228611134,"out_deg=5, out=778,015 KZT, out_tx=5, cross_out=1"
100000008656043100,terminal,0.8069839857651245,11,0.4123666893271587,"depth=2, in_deg=1, out_deg=0, retention=1.00"
100000002605184100,terminal,0.8629670818505337,5,0.5025646280958168,"depth=2, in_deg=1, out_deg=0, retention=1.00"
100000003157333100,terminal,0.8116214412811388,3,0.4082003615808414,"depth=2, in_deg=1, out_deg=0, retention=1.00"
100000007898453100,distributor,0.8045002965599051,2,0.7739193451215406,"out_deg=2, out=320,000 KZT, out_tx=2, cross_out=0"
100000002710570100,terminal,0.8766125444839857,56,0.6041367615791806,"depth=2, in_deg=1, out_deg=0, retention=1.00"
100000004979498100,peripheral,0.549999,16,0.5656176381268134,"in_deg=1, out_deg=1, seed_reach=1, depth=2"
100000001541418100,terminal,0.9143127224199288,9,0.617993683723382,"depth=2, in_deg=2, out_deg=0, retention=1.00"
100000007797290100,peripheral,0.549999,8,0.5579143017134693,"in_deg=1, out_deg=1, seed_reach=2, depth=2"
100000008683818100,terminal,0.788133896797153,11,0.39089111391484627,"depth=2, in_deg=1, out_deg=0, retention=1.00"
100000006567935100,terminal,0.873776690391459,53,0.6013575507437311,"depth=2, in_deg=1, out_deg=0, retention=1.00"
100000002132479100,peripheral,0.549999,51,0.5647846682237834,"in_deg=1, out_deg=1, seed_reach=3, depth=2"
100000002170580100,terminal,0.8650689501779358,12,0.49962714429272237,"depth=2, in_deg=1, out_deg=0, retention=1.00"
100000001232297100,distributor,0.7811906880189798,6,0.5829369275737454,"out_deg=2, out=45,000 KZT, out_tx=2, cross_out=0"
100000002028158100,terminal,0.8166926156583629,5,0.5336077713014885,"depth=2, in_deg=1, out_deg=0, retention=1.00"
100000005519998100,transit,0.8262552887787611,65,0.6881684488516595,"in_deg=3, out_deg=3, pass=1.03, relay_2d=0.60"
100000002335358100,terminal,0.9029804270462632,1,0.5404742514647374,"depth=2, in_deg=1, out_deg=0, retention=1.00"
100000007289427100,terminal,0.7775911921708184,2,0.42724163905849377,"depth=2, in_deg=1, out_deg=0, retention=1.00"
100000004592467100,terminal,0.7656138790035587,2,0.35551757732084144,"depth=2, in_deg=1, out_deg=0, retention=1.00"
100000004993576100,terminal,0.8682717971530248,5,0.6086829162692686,"depth=2, in_deg=1, out_deg=0, retention=1.00"
100000001648936100,terminal,0.8505226868327401,3,0.4634966071099647,"depth=2, in_deg=1, out_deg=0, retention=1.00"
100000008512552100,distributor,0.872967081850534,54,0.8506954432182124,"out_deg=6, out=1,302,275 KZT, out_tx=11, cross_out=0"
100000007629096100,consolidator,0.8626149816099595,8,0.8657210980945012,"in_deg=4, in=1,075,170 KZT, seed_reach=3, retention=0.29"
100000001601320100,transit,0.6294671892256719,3,0.5577184393163479,"in_deg=2, out_deg=1, pass=1.06, relay_2d=0.00"
100000005782781100,distributor,0.9307606761565835,3,0.9011183339876847,"out_deg=10, out=1,263,597 KZT, out_tx=10, cross_out=2"
100000002723538100,distributor,0.9512188612099645,49,0.8482351608725652,"out_deg=12, out=560,499 KZT, out_tx=14, cross_out=8"
100000002340562100,terminal,0.85850756227758,3,0.49109610001957316,"depth=2, in_deg=1, out_deg=0, retention=1.00"
100000005939154100,terminal,0.8379559608540924,1,0.5315668196006454,"depth=2, in_deg=1, out_deg=0, retention=1.00"
100000004386258100,distributor,0.7897464412811389,14,0.7638427016674854,"out_deg=3, out=40,000 KZT, out_tx=3, cross_out=0"
100000008406609100,terminal,0.8159586298932384,0,0.4637278701420933,"depth=2, in_deg=1, out_deg=0, retention=1.00"
100000007242833100,transit,0.6495243834312671,14,0.7239549570723149,"in_deg=1, out_deg=1, pass=0.42, relay_2d=1.00"
100000004698193100,distributor,0.8085987544483986,3,0.643918134941819,"out_deg=3, out=38,000 KZT, out_tx=5, cross_out=0"
100000002733905100,distributor,0.7926467971530249,11,0.66968464364704,"out_deg=2, out=717,839 KZT, out_tx=3, cross_out=0"
100000006912294100,distributor,0.7772316132858837,9,0.545206402793378,"out_deg=2, out=30,000 KZT, out_tx=2, cross_out=0"
100000003036198100,terminal,0.7825289145907472,2,0.44617098487698703,"depth=2, in_deg=1, out_deg=0, retention=1.00"
100000004687099100,terminal,0.8116214412811388,3,0.4458338135381368,"depth=2, in_deg=1, out_deg=0, retention=1.00"
100000005242320100,distributor,0.9780258780751974,50,0.8648480058975708,"out_deg=21, out=8,936,295 KZT, out_tx=29, cross_out=1"
100000008762832100,peripheral,0.549999,2,0.43660698770909245,"in_deg=1, out_deg=1, seed_reach=1, depth=2"
100000002489253100,terminal,0.8326401245551601,1,0.44389719649097126,"depth=2, in_deg=1, out_deg=0, retention=1.00"
100000004756901100,terminal,0.8660698398576512,1,0.6156221976515165,"depth=2, in_deg=1, out_deg=0, retention=1.00"
100000008749989100,terminal,0.7854982206405694,11,0.38695344005798926,"depth=2, in_deg=1, out_deg=0, retention=1.00"
100000001380986100,terminal,0.8425822953736655,9,0.43695342878942345,"depth=2, in_deg=1, out_deg=0, retention=1.00"
100000003089018100,terminal,0.8770796263345195,9,0.4927417486924468,"depth=2, in_deg=1, out_deg=0, retention=1.00"
100000008742266100,terminal,0.7968082740213522,11,0.40074601846517915,"depth=2, in_deg=1, out_deg=0, retention=1.00"
100000003044431100,terminal,0.9000667259786477,2,0.6368166460792511,"depth=2, in_deg=2, out_deg=0, retention=1.00"
100000003321423100,terminal,0.8938056049822063,79,0.6644768663635287,"depth=2, in_deg=1, out_deg=0, retention=1.00"
100000002540623100,terminal,0.8537922597864768,12,0.48332880883090706,"depth=2, in_deg=1, out_deg=0, retention=1.00"
100000004225615100,terminal,0.8894350533807829,9,0.4671196252927894,"depth=2, in_deg=1, out_deg=0, retention=1.00"
100000004820260100,distributor,0.8538033807829182,5,0.8116404036112166,"out_deg=3, out=215,350 KZT, out_tx=10, cross_out=0"
100000000795129100,terminal,0.8858207295373665,5,0.6348319552082095,"depth=2, in_deg=1, out_deg=0, retention=1.00"
100000008213966100,coordinator,0.833974644128114,66,0.834509343935964,"seed_reach=2, betweenness=90p, PageRank=99p, bridges=1"
100000008478414100,terminal,0.7721863879003559,11,0.3692895034356549,"depth=2, in_deg=1, out_deg=0, retention=1.00"
100000001330595100,consolidator,0.6467971530249111,15,0.5805998500184382,"in_deg=3, in=87,000 KZT, seed_reach=1, retention=0.00"
100000000076451100,coordinator,0.8330182384341638,5,0.7752424309989385,"seed_reach=3, betweenness=94p, PageRank=97p, bridges=0"
100000005664632100,terminal,0.937778024911032,77,0.664670400397992,"depth=2, in_deg=1, out_deg=0, retention=1.00"
100000002457464100,terminal,0.8406472419928825,2,0.5408346569580226,"depth=2, in_deg=1, out_deg=0, retention=1.00"
100000002757240100,terminal,0.8329070284697508,2,0.5650973716496718,"depth=2, in_deg=1, out_deg=0, retention=1.00"
100000003718221100,distributor,0.8588597271648872,59,0.7839260506525988,"out_deg=4, out=423,500 KZT, out_tx=8, cross_out=0"
100000008629581100,terminal,0.8350422597864768,2,0.5311584599578668,"depth=2, in_deg=1, out_deg=0, retention=1.00"
100000004806903100,terminal,0.790035587188612,2,0.591860668117459,"depth=2, in_deg=1, out_deg=0, retention=1.00"
100000000913911100,consolidator,0.717682384341637,2,0.7344041475908318,"in_deg=2, in=467,000 KZT, seed_reach=2, retention=0.00"
100000004905207100,terminal,0.8884230427046262,51,0.6423693823926772,"depth=2, in_deg=1, out_deg=0, retention=1.00"
100000003831201100,terminal,0.872709074733096,8,0.5724549036258161,"depth=2, in_deg=1, out_deg=0, retention=1.00"
100000003073398100,terminal,0.8506561387900355,3,0.4638040509830704,"depth=2, in_deg=1, out_deg=0, retention=1.00"
100000008418934100,terminal,0.887422153024911,9,0.5121237885853102,"depth=2, in_deg=1, out_deg=0, retention=1.00"
100000002741024100,coordinator,0.9134675266903914,8,0.88588340694833,"seed_reach=3, betweenness=94p, PageRank=100p, bridges=1"
100000008106997100,transit,0.700056604622336,8,0.6959941510661997,"in_deg=2, out_deg=1, pass=0.58, relay_2d=0.50"
100000007998965100,consolidator,0.9291706136869865,12,0.8495248249008708,"in_deg=5, in=278,000 KZT, seed_reach=4, retention=0.91"
100000001822623100,terminal,0.8744773131672597,59,0.5005420891342508,"depth=2, in_deg=1, out_deg=0, retention=1.00"
100000006424479100,distributor,0.80801453143535,6,0.7986830600933681,"out_deg=2, out=220,000 KZT, out_tx=3, cross_out=0"
100000008696692100,terminal,0.7913701067615658,11,0.3944497603844477,"depth=2, in_deg=1, out_deg=0, retention=1.00"
100000002748532100,coordinator,0.8634230427046264,52,0.826891998376063,"seed_reach=4, betweenness=87p, PageRank=60p, bridges=3"
100000004456564100,terminal,0.8121997330960854,51,0.5534624720003051,"depth=2, in_deg=1, out_deg=0, retention=1.00"
100000001530740100,terminal,0.7825289145907472,1,0.44381333363143544,"depth=2, in_deg=1, out_deg=0, retention=1.00"
100000001386612100,terminal,0.8388456405693949,0,0.5923453733663249,"depth=2, in_deg=1, out_deg=0, retention=1.00"
100000003360542100,consolidator,0.8838149999438689,12,0.8341214975348951,"in_deg=2, in=317,000 KZT, seed_reach=9, retention=0.84"
100000008352542100,terminal,0.8321063167259786,2,0.5918191448003784,"depth=2, in_deg=1, out_deg=0, retention=1.00"
100000001138376100,terminal,0.783863434163701,5,0.4931583622879704,"depth=2, in_deg=1, out_deg=0, retention=1.00"
100000003246024100,transit,0.6736098754448399,8,0.7074313236217428,"in_deg=1, out_deg=1, pass=0.20, relay_2d=1.00"
100000002680477100,terminal,0.8037811387900355,50,0.4100809010238779,"depth=2, in_deg=1, out_deg=0, retention=1.00"
100000005882013100,consolidator,0.8562714182153685,6,0.7097473910206351,"in_deg=2, in=135,000 KZT, seed_reach=5, retention=0.93"
100000005665181100,distributor,0.9288493475682089,48,0.8356808452336703,"out_deg=11, out=181,915 KZT, out_tx=11, cross_out=4"
100000008141170100,terminal,0.775556049822064,1,0.44805846639350266,"depth=2, in_deg=1, out_deg=0, retention=1.00"
100000001382002100,peripheral,0.549999,8,0.4724514432017752,"in_deg=1, out_deg=1, seed_reach=1, depth=2"
100000002481735100,terminal,0.838489768683274,1,0.4602826628897642,"depth=2, in_deg=1, out_deg=0, retention=1.00"
100000000806727100,peripheral,0.549999,2,0.5636747474717265,"in_deg=1, out_deg=1, seed_reach=8, depth=2"
100000003039473100,terminal,0.7990435943060498,1,0.5354264084916426,"depth=2, in_deg=1, out_deg=0, retention=1.00"
100000005205745100,terminal,0.7637455516014234,3,0.5087333952024039,"depth=2, in_deg=1, out_deg=0, retention=1.00"
100000004356593100,peripheral,0.549999,2,0.5289214136782053,"in_deg=1, out_deg=1, seed_reach=2, depth=2"
100000008688881100,terminal,0.8238990213523131,11,0.4354749866193045,"depth=2, in_deg=1, out_deg=0, retention=1.00"
100000008111003100,consolidator,0.8994317160632067,8,0.8785616516251735,"in_deg=6, in=222,716 KZT, seed_reach=3, retention=0.84"
100000003016773100,terminal,0.8265013345195729,4,0.4499502431192362,"depth=2, in_deg=1, out_deg=0, retention=1.00"
100000004674799100,terminal,0.9207072953736654,8,0.6581621963045949,"depth=2, in_deg=1, out_deg=0, retention=1.00"
100000005834479100,distributor,0.817311684460261,49,0.5376560691234126,"out_deg=2, out=14,470 KZT, out_tx=2, cross_out=1"
100000003278020100,terminal,0.8716748220640569,8,0.4983913874926923,"depth=2, in_deg=1, out_deg=0, retention=1.00"
100000000831684100,peripheral,0.549999,14,0.5227286011284699,"in_deg=1, out_deg=1, seed_reach=1, depth=2"
100000000307908100,terminal,0.7596752669039145,17,0.3804495313697121,"depth=2, in_deg=1, out_deg=0, retention=1.00"
100000001782980100,peripheral,0.549999,20,0.5270419652796289,"in_deg=1, out_deg=1, seed_reach=1, depth=2"
100000002454724100,terminal,0.9106761565836299,53,0.6011576556145067,"depth=2, in_deg=1, out_deg=0, retention=1.00"
100000005904580100,terminal,0.9055048932384341,14,0.5247034893848566,"depth=2, in_deg=2, out_deg=0, retention=1.00"
100000008474308100,peripheral,0.549999,14,0.42483903197547457,"in_deg=1, out_deg=1, seed_reach=1, depth=2"
100000000795033100,terminal,0.7907362099644127,8,0.5263791680425146,"depth=2, in_deg=1, out_deg=0, retention=1.00"
100000000861294100,terminal,0.8650689501779358,3,0.4860595286343593,"depth=2, in_deg=1, out_deg=0, retention=1.00"
100000006557763100,terminal,0.7721863879003559,2,0.5492939518342316,"depth=2, in_deg=1, out_deg=0, retention=1.00"
100000005608515100,terminal,0.8947064056939501,3,0.45818766622174195,"depth=2, in_deg=1, out_deg=0, retention=1.00"
100000003922499100,terminal,0.8307050711743772,14,0.483884408340127,"depth=2, in_deg=1, out_deg=0, retention=1.00"
100000008603629100,coordinator,0.9748776690391461,49,0.9719904895898037,"seed_reach=4, betweenness=100p, PageRank=96p, bridges=36"
100000004825069100,terminal,0.8669817615658363,11,0.4408275116401534,"depth=2, in_deg=1, out_deg=0, retention=1.00"
100000004331458100,terminal,0.941970640569395,24,0.5791065194176355,"depth=2, in_deg=2, out_deg=0, retention=1.00"
100000002911170100,terminal,0.923899021352313,53,0.6372634366073989,"depth=2, in_deg=1, out_deg=0, retention=1.00"
100000008011159100,distributor,0.8903247330960855,70,0.8156885294877461,"out_deg=5, out=153,037 KZT, out_tx=5, cross_out=1"
100000003854444100,distributor,0.9718253262158957,13,0.7857916995612718,"out_deg=14, out=2,322,909 KZT, out_tx=14, cross_out=2"
100000008547948100,distributor,0.9739546263345197,9,0.9225903293296897,"out_deg=26, out=5,185,600 KZT, out_tx=31, cross_out=9"
100000005175148100,consolidator,0.8018978895445742,5,0.6684203310168408,"in_deg=2, in=79,000 KZT, seed_reach=3, retention=0.81"
100000002087788100,terminal,0.8549933274021352,48,0.6253023489870815,"depth=2, in_deg=1, out_deg=0, retention=1.00"
100000004150593100,distributor,0.9641978054567023,1,0.8645613903834091,"out_deg=11, out=871,165 KZT, out_tx=16, cross_out=3"
100000001597505100,peripheral,0.549999,88,0.5127082930219337,"in_deg=1, out_deg=1, seed_reach=1, depth=2"
100000007629121100,terminal,0.8097864768683274,2,0.5865742415275781,"depth=2, in_deg=1, out_deg=0, retention=1.00"
100000005614315100,terminal,0.8920262455516014,1,0.5504115106141804,"depth=2, in_deg=1, out_deg=0, retention=1.00"
100000008324800100,coordinator,0.8642126334519573,72,0.8727371394338032,"seed_reach=3, betweenness=81p, PageRank=98p, bridges=2"
100000005030592100,terminal,0.7721863879003559,5,0.4772966208733774,"depth=2, in_deg=1, out_deg=0, retention=1.00"
100000001633685100,terminal,0.901857206405694,8,0.5872783856686422,"depth=2, in_deg=3, out_deg=0, retention=1.00"
100000001848426100,terminal,0.8517904804270462,3,0.4656370145957547,"depth=2, in_deg=1, out_deg=0, retention=1.00"
100000004580202100,distributor,0.8214190391459075,59,0.6926658743088848,"out_deg=3, out=45,000 KZT, out_tx=4, cross_out=0"
100000008717375100,terminal,0.8102201957295373,2,0.5007800031348862,"depth=2, in_deg=1, out_deg=0, retention=1.00"
100000007861311100,terminal,0.8249332740213523,3,0.46196792451798974,"depth=2, in_deg=1, out_deg=0, retention=1.00"
100000005578559100,distributor,0.9716646681107846,55,0.8726641138251044,"out_deg=21, out=893,164 KZT, out_tx=23, cross_out=3"
100000008764436100,terminal,0.7791258896797153,11,0.3787359229462532,"depth=2, in_deg=1, out_deg=0, retention=1.00"
100000000190228100,peripheral,0.549999,9,0.6222364254978261,"in_deg=1, out_deg=1, seed_reach=3, depth=2"
100000003971049100,terminal,0.8966525800711743,8,0.532735615149432,"depth=2, in_deg=1, out_deg=0, retention=1.00"
100000008743913100,distributor,0.9580071174377226,52,0.9046658865945482,"out_deg=13, out=1,850,600 KZT, out_tx=13, cross_out=3"
100000004400361100,terminal,0.7721863879003559,1,0.4926213539694628,"depth=2, in_deg=1, out_deg=0, retention=1.00"
100000002175422100,distributor,0.8838152431791222,56,0.8156301520966116,"out_deg=6, out=1,621,188 KZT, out_tx=14, cross_out=0"
100000004544958100,coordinator,0.7787477758007118,12,0.7773195546461761,"seed_reach=4, betweenness=85p, PageRank=96p, bridges=0"
100000008466579100,distributor,0.9740599831429109,4,0.8702146256852608,"out_deg=17, out=1,933,000 KZT, out_tx=20, cross_out=6"
100000001184915100,terminal,0.9144239323843416,5,0.6351408556432518,"depth=2, in_deg=1, out_deg=0, retention=1.00"
100000004435304100,terminal,0.8069839857651245,11,0.4123666893271587,"depth=2, in_deg=1, out_deg=0, retention=1.00"
100000008762728100,terminal,0.78706628113879,1,0.5302093209464106,"depth=2, in_deg=1, out_deg=0, retention=1.00"
100000004285800100,peripheral,0.549999,8,0.5311443436472923,"in_deg=1, out_deg=1, seed_reach=4, depth=2"
100000008557672100,terminal,0.8289034697508897,11,0.44152969048525664,"depth=2, in_deg=1, out_deg=0, retention=1.00"
100000005142589100,terminal,0.8707184163701067,8,0.5419897612464141,"depth=2, in_deg=1, out_deg=0, retention=1.00"
100000003747133100,coordinator,0.8700845195729537,62,0.8638229100872445,"seed_reach=3, betweenness=93p, PageRank=68p, bridges=5"
100000003289405100,terminal,0.8871552491103203,2,0.5182028795733834,"depth=2, in_deg=1, out_deg=0, retention=1.00"
100000002691858100,terminal,0.8330404804270463,88,0.46472020394910873,"depth=2, in_deg=1, out_deg=0, retention=1.00"
100000007534354100,distributor,0.8305827402135233,12,0.6037048042476004,"out_deg=3, out=147,810 KZT, out_tx=3, cross_out=0"
100000000765628100,terminal,0.7596752669039145,1,0.3992217733625947,"depth=2, in_deg=1, out_deg=0, retention=1.00"
100000004962193100,terminal,0.9931049822064056,8,0.76444398897817,"depth=2, in_deg=8, out_deg=0, retention=1.00"
100000005032294100,terminal,0.7721863879003559,51,0.5351258023680394,"depth=2, in_deg=1, out_deg=0, retention=1.00"
100000001251686100,terminal,0.790035587188612,2,0.5126346894697721,"depth=2, in_deg=1, out_deg=0, retention=1.00"
100000002398779100,consolidator,0.9823883201420488,8,0.9425844206082097,"in_deg=13, in=1,095,690 KZT, seed_reach=5, retention=0.94"
100000008512827100,distributor,0.9502326854640021,50,0.9063345616547853,"out_deg=10, out=1,944,500 KZT, out_tx=10, cross_out=4"
100000003943483100,terminal,0.7721863879003559,14,0.48781708350682934,"depth=2, in_deg=1, out_deg=0, retention=1.00"
100000005031696100,coordinator,0.8471196619217082,89,0.8485739753198903,"seed_reach=4, betweenness=93p, PageRank=83p, bridges=1"
100000002703376100,terminal,0.8263678825622776,8,0.49809841622589646,"depth=2, in_deg=1, out_deg=0, retention=1.00"
100000003617552100,terminal,0.8037811387900355,20,0.46555243127298823,"depth=2, in_deg=1, out_deg=0, retention=1.00"
100000007617808100,terminal,0.8917259786476868,1,0.6587556608293426,"depth=2, in_deg=1, out_deg=0, retention=1.00"
100000002613776100,terminal,0.8516347864768683,2,0.5198644333483384,"depth=2, in_deg=1, out_deg=0, retention=1.00"
100000002578405100,distributor,0.9425444085891791,11,0.7572555912151704,"out_deg=116, out=3,108,352 KZT, out_tx=120, cross_out=0"
100000006161893100,terminal,0.7801601423487544,1,0.4431073721296857,"depth=2, in_deg=1, out_deg=0, retention=1.00"
100000002633701100,terminal,0.881016459074733,9,0.49933452533964034,"depth=2, in_deg=1, out_deg=0, retention=1.00"
100000002432143100,terminal,0.8463856761565836,2,0.5851672959288329,"depth=2, in_deg=1, out_deg=0, retention=1.00"
100000000490383100,distributor,0.9309345681009382,1,0.8548650012626055,"out_deg=8, out=461,375 KZT, out_tx=9, cross_out=2"
100000005809252100,terminal,0.8037811387900355,48,0.5766734277142694,"depth=2, in_deg=1, out_deg=0, retention=1.00"
100000006612238100,peripheral,0.549999,11,0.4966290292074953,"in_deg=1, out_deg=1, seed_reach=1, depth=2"
100000002593038100,terminal,0.8093193950177935,14,0.606300884941939,"depth=2, in_deg=1, out_deg=0, retention=1.00"
100000002947299100,terminal,0.8477201957295373,2,0.5874975114482611,"depth=2, in_deg=1, out_deg=0, retention=1.00"
100000004336312100,distributor,0.7689813167259787,65,0.6333320548685308,"out_deg=2, out=72,650 KZT, out_tx=3, cross_out=0"
100000001308856100,terminal,0.8080849644128113,11,0.4138102026787655,"depth=2, in_deg=1, out_deg=0, retention=1.00"
100000008238989100,terminal,0.9137900355871885,59,0.518204006852865,"depth=2, in_deg=1, out_deg=0, retention=1.00"
100000005561741100,terminal,0.8037811387900355,55,0.512572004226725,"depth=2, in_deg=1, out_deg=0, retention=1.00"
100000006248077100,terminal,0.8307050711743772,1,0.560619283784967,"depth=2, in_deg=1, out_deg=0, retention=1.00"
100000000646541100,terminal,0.8867215302491103,8,0.6518796821732121,"depth=2, in_deg=3, out_deg=0, retention=1.00"
100000006595426100,terminal,0.8980983096085409,8,0.4982084846432778,"depth=2, in_deg=1, out_deg=0, retention=1.00"
100000002956898100,terminal,0.9454070284697509,5,0.7081841966086446,"depth=2, in_deg=2, out_deg=0, retention=1.00"
100000001262647100,terminal,0.8004114768683274,5,0.42055785316064975,"depth=2, in_deg=1, out_deg=0, retention=1.00"
100000005849100100,terminal,0.8153580960854092,2,0.598119918050683,"depth=2, in_deg=1, out_deg=0, retention=1.00"
100000000533217100,terminal,0.834575177935943,8,0.49489333216314607,"depth=2, in_deg=1, out_deg=0, retention=1.00"
100000002812641100,transit,0.6254541770462633,9,0.6115877674481105,"in_deg=1, out_deg=1, pass=0.70, relay_2d=1.00"
100000008647905100,distributor,0.8053010083036773,13,0.6437589264302813,"out_deg=2, out=344,222 KZT, out_tx=2, cross_out=0"
100000002842337100,terminal,0.8307050711743772,3,0.4678701734646822,"depth=2, in_deg=1, out_deg=0, retention=1.00"
100000002445750100,peripheral,0.549999,8,0.5928123619621857,"in_deg=1, out_deg=1, seed_reach=2, depth=2"
100000005619339100,peripheral,0.549999,1,0.5025856247860822,"in_deg=1, out_deg=1, seed_reach=2, depth=2"
100000006844768100,distributor,0.8161551008303677,8,0.8018684292080682,"out_deg=2, out=188,000 KZT, out_tx=5, cross_out=0"
100000002488629100,terminal,0.8432829181494661,3,0.4508790360075013,"depth=2, in_deg=1, out_deg=0, retention=1.00"
100000002796853100,peripheral,0.549999,23,0.5439417580110675,"in_deg=1, out_deg=1, seed_reach=1, depth=2"
100000006755850100,terminal,0.9420040035587188,48,0.7190795788603315,"depth=2, in_deg=1, out_deg=0, retention=1.00"
100000008733194100,coordinator,0.9231205516014235,6,0.9108118611803891,"seed_reach=4, betweenness=96p, PageRank=76p, bridges=4"
100000001904863100,terminal,0.8941614768683274,51,0.6516106624065354,"depth=2, in_deg=1, out_deg=0, retention=1.00"
100000001641951100,terminal,0.859141459074733,2,0.6011600083785636,"depth=2, in_deg=1, out_deg=0, retention=1.00"
100000004816564100,terminal,0.7917433792596049,5,0.7487661200932009,"depth=2, in_deg=1, out_deg=1, retention=0.98"
100000002205022100,coordinator,0.846674822064057,82,0.8707420028436808,"seed_reach=4, betweenness=91p, PageRank=84p, bridges=1"
100000002267998100,distributor,0.854417259786477,59,0.7849226829031738,"out_deg=3, out=1,115,000 KZT, out_tx=12, cross_out=0"
100000002199091100,terminal,0.8400133451957295,11,0.45613537471258875,"depth=2, in_deg=1, out_deg=0, retention=1.00"
100000008571443100,terminal,0.902335409252669,6,0.64896974600559,"depth=2, in_deg=2, out_deg=0, retention=1.00"
100000002742067100,terminal,0.7781917259786476,5,0.4856614324062379,"depth=2, in_deg=1, out_deg=0, retention=1.00"
100000003292979100,terminal,0.8285698398576512,2,0.588839389442951,"depth=2, in_deg=1, out_deg=0, retention=1.00"
100000002558173100,terminal,0.7690502669039145,88,0.38565215391520596,"depth=2, in_deg=1, out_deg=0, retention=1.00"
100000004687282100,terminal,0.7939724199288256,1,0.43154285841728535,"depth=2, in_deg=1, out_deg=0, retention=1.00"
100000003034546100,terminal,0.933307384341637,9,0.5411473529912952,"depth=2, in_deg=1, out_deg=0, retention=1.00"
100000003798151100,terminal,0.9374332740213522,1,0.5654024358009347,"depth=2, in_deg=1, out_deg=0, retention=1.00"
100000008710791100,distributor,0.9793200793868053,9,0.919687762332596,"out_deg=23, out=5,521,511 KZT, out_tx=25, cross_out=6"
100000008688476100,terminal,0.8015124555160141,11,0.4066974566940345,"depth=2, in_deg=1, out_deg=0, retention=1.00"
100000003242289100,distributor,0.9771848480700795,54,0.9228368403400875,"out_deg=23, out=2,377,741 KZT, out_tx=26, cross_out=6"
100000006564102100,terminal,0.8775467081850533,2,0.6301338863675655,"depth=2, in_deg=1, out_deg=0, retention=1.00"
100000001526235100,distributor,0.8802673083144614,73,0.7094216478975544,"out_deg=8, out=432,750 KZT, out_tx=9, cross_out=0"
100000004398811100,distributor,0.902290925266904,2,0.7191396742585267,"out_deg=3, out=1,040,672 KZT, out_tx=4, cross_out=1"
100000002957787100,distributor,0.9784416557407756,8,0.9553481653599668,"out_deg=34, out=1,276,154 KZT, out_tx=41, cross_out=10"
100000002621915100,terminal,0.7596752669039145,1,0.4284477520102815,"depth=2, in_deg=1, out_deg=0, retention=1.00"
100000008283183100,terminal,0.8097864768683274,11,0.4163340280044463,"depth=2, in_deg=1, out_deg=0, retention=1.00"
100000003843844100,peripheral,0.549999,6,0.5904578938964428,"in_deg=1, out_deg=1, seed_reach=3, depth=3"
100000000954884100,terminal,0.8159586298932384,69,0.4387108191090996,"depth=3, in_deg=1, out_deg=0, retention=1.00"
100000005893892100,terminal,0.855460409252669,48,0.5483849235909467,"depth=3, in_deg=1, out_deg=0, retention=1.00"
100000001819396100,terminal,0.8680716192170818,57,0.49585007112409313,"depth=3, in_deg=1, out_deg=0, retention=1.00"
100000008472324100,terminal,0.8748776690391459,48,0.5784900409839873,"depth=3, in_deg=1, out_deg=0, retention=1.00"
100000002646745100,terminal,0.7775911921708184,11,0.3665000754916644,"depth=3, in_deg=1, out_deg=0, retention=1.00"
100000008405209100,terminal,0.8351089857651245,54,0.4343486831838577,"depth=3, in_deg=1, out_deg=0, retention=1.00"
100000004417753100,terminal,0.9343305160142348,2,0.664725366422546,"depth=3, in_deg=2, out_deg=0, retention=1.00"
100000003457710100,transit,0.5884675266903916,48,0.6814531837890708,"in_deg=1, out_deg=1, pass=4.00, relay_2d=1.00"
100000007333038100,distributor,0.7783437129300118,50,0.5164817081514264,"out_deg=2, out=34,994 KZT, out_tx=2, cross_out=0"
100000006444163100,terminal,0.7641125444839857,8,0.40388802163396553,"depth=3, in_deg=1, out_deg=0, retention=1.00"
100000008706947100,terminal,0.7877335409252668,11,0.37743640268745476,"depth=3, in_deg=1, out_deg=0, retention=1.00"
100000008761219100,coordinator,0.8063167259786477,76,0.815258222262626,"seed_reach=4, betweenness=90p, PageRank=25p, bridges=2"
100000005022552100,terminal,0.821542339156244,1,0.6070315464684063,"depth=3, in_deg=1, out_deg=1, retention=0.98"
100000008735832100,terminal,0.7890013345195729,11,0.37879930576156584,"depth=3, in_deg=1, out_deg=0, retention=1.00"
100000005661528100,terminal,0.8037811387900355,49,0.4009963555008468,"depth=3, in_deg=1, out_deg=0, retention=1.00"
100000002529880100,terminal,0.9267904804270463,4,0.6315839101450852,"depth=3, in_deg=2, out_deg=0, retention=1.00"
100000001969496100,terminal,0.7986766014234875,51,0.3996651770862452,"depth=3, in_deg=1, out_deg=0, retention=1.00"
100000003215448100,distributor,0.8076586595492289,49,0.6221011250054016,"out_deg=2, out=124,000 KZT, out_tx=4, cross_out=0"
100000006894637100,terminal,0.8337744661921708,8,0.42226294772550427,"depth=3, in_deg=1, out_deg=0, retention=1.00"
100000002936322100,terminal,0.9618216192170819,49,0.6442286550562478,"depth=3, in_deg=2, out_deg=0, retention=1.00"
100000005061890100,terminal,0.8494217081850534,2,0.5025974027170356,"depth=3, in_deg=1, out_deg=0, retention=1.00"
100000004017410100,distributor,0.8809259023894256,65,0.6995848957443334,"out_deg=5, out=1,330,915 KZT, out_tx=11, cross_out=0"
100000002983426100,terminal,0.8487878113879003,55,0.47333547717255214,"depth=3, in_deg=1, out_deg=0, retention=1.00"
100000005530114100,consolidator,0.6843946251445561,54,0.6434479806965124,"in_deg=2, in=136,970 KZT, seed_reach=1, retention=0.82"
100000001169666100,peripheral,0.549999,55,0.5282790118817483,"in_deg=1, out_deg=1, seed_reach=1, depth=3"
100000001784279100,terminal,0.8178936832740213,8,0.40332592002390916,"depth=3, in_deg=1, out_deg=0, retention=1.00"
100000008744364100,terminal,0.8008785587188612,11,0.39255359499550657,"depth=3, in_deg=1, out_deg=0, retention=1.00"
100000008714412100,terminal,0.868672153024911,55,0.48824489880178384,"depth=3, in_deg=1, out_deg=0, retention=1.00"
100000007754369100,terminal,0.8468527580071173,8,0.4427796926887669,"depth=3, in_deg=1, out_deg=0, retention=1.00"
100000003122817100,terminal,0.8914257117437722,57,0.5329037947980457,"depth=3, in_deg=1, out_deg=0, retention=1.00"
100000003711830100,terminal,0.8307050711743772,49,0.43298045684151093,"depth=3, in_deg=1, out_deg=0, retention=1.00"
100000001110358100,terminal,0.8769461743772242,8,0.5670241025936127,"depth=3, in_deg=2, out_deg=0, retention=1.00"
100000006530134100,terminal,0.9265235765124555,48,0.6581109094203799,"depth=3, in_deg=2, out_deg=0, retention=1.00"
100000001639766100,terminal,0.7939724199288256,3,0.4628346621498381,"depth=3, in_deg=1, out_deg=0, retention=1.00"
100000003242795100,terminal,0.8575622775800711,48,0.5510524793549735,"depth=3, in_deg=1, out_deg=0, retention=1.00"
100000004970752100,terminal,0.7721863879003559,8,0.44804355579217503,"depth=3, in_deg=1, out_deg=0, retention=1.00"
100000004564736100,terminal,0.8225422597864768,59,0.5240775677595543,"depth=3, in_deg=1, out_deg=0, retention=1.00"
100000005873152100,transit,0.5752112989323843,12,0.6070070789238478,"in_deg=1, out_deg=1, pass=1.00, relay_2d=0.00"
100000001637376100,transit,0.5632273986220885,48,0.6404385860883373,"in_deg=1, out_deg=1, pass=2.01, relay_2d=1.00"
100000006710485100,terminal,0.7939724199288256,11,0.3843426692672758,"depth=3, in_deg=1, out_deg=0, retention=1.00"
100000003582677100,distributor,0.8801230723606168,2,0.6361733833310704,"out_deg=4, out=56,000 KZT, out_tx=5, cross_out=2"
100000008713685100,terminal,0.8293038256227757,11,0.4267930632448526,"depth=3, in_deg=1, out_deg=0, retention=1.00"
100000008070101100,terminal,0.8537922597864768,9,0.523944364129415,"depth=3, in_deg=1, out_deg=0, retention=1.00"
100000004475818100,distributor,0.8667037366548043,48,0.6522396453232086,"out_deg=3, out=53,989 KZT, out_tx=3, cross_out=1"
100000007197866100,transit,0.7759675266903916,49,0.5393165349256388,"in_deg=1, out_deg=1, pass=0.75, relay_2d=1.00"
100000006965162100,terminal,0.7721863879003559,66,0.40273661629039564,"depth=3, in_deg=1, out_deg=0, retention=1.00"
100000005995391100,terminal,0.7877335409252668,11,0.37743640268745476,"depth=3, in_deg=1, out_deg=0, retention=1.00"
100000003834495100,consolidator,0.8798652262109855,8,0.78117022167747,"in_deg=3, in=602,441 KZT, seed_reach=2, retention=0.97"
100000001223977100,peripheral,0.549999,89,0.5349729285991164,"in_deg=1, out_deg=1, seed_reach=2, depth=3"
100000001046057100,terminal,0.8471863879003558,4,0.471146736671702,"depth=3, in_deg=1, out_deg=0, retention=1.00"
100000002989353100,distributor,0.8045892645314353,50,0.7106670144194861,"out_deg=2, out=321,160 KZT, out_tx=2, cross_out=0"
100000006714366100,transit,0.7075151457380106,6,0.6123718303591306,"in_deg=1, out_deg=1, pass=0.48, relay_2d=1.00"
100000001063678100,distributor,0.7911106168446026,59,0.6971880735053679,"out_deg=2, out=90,000 KZT, out_tx=2, cross_out=0"
100000004889043100,terminal,0.9591525800711743,8,0.6783908447640014,"depth=3, in_deg=2, out_deg=0, retention=1.00"
100000002984403100,peripheral,0.549999,73,0.4820570544985926,"in_deg=1, out_deg=1, seed_reach=1, depth=3"
100000003951827100,distributor,0.8188686239620403,8,0.5340459444932313,"out_deg=2, out=17,000 KZT, out_tx=2, cross_out=1"
100000000933075100,distributor,0.7847049228944246,14,0.7200644139161472,"out_deg=2, out=55,000 KZT, out_tx=2, cross_out=0"
100000008502995100,terminal,0.8437944839857651,8,0.4905074023573118,"depth=3, in_deg=1, out_deg=0, retention=1.00"
100000008086440100,distributor,0.9170744365361805,8,0.8129539436418507,"out_deg=5, out=161,300 KZT, out_tx=6, cross_out=2"
100000008465789100,distributor,0.9754121310445887,4,0.840425000279153,"out_deg=16, out=1,858,100 KZT, out_tx=17, cross_out=3"
100000002550141100,terminal,0.8550600533807828,49,0.4716738195702636,"depth=3, in_deg=1, out_deg=0, retention=1.00"
100000008739887100,distributor,0.7873887900355873,49,0.7524562024632503,"out_deg=2, out=307,000 KZT, out_tx=2, cross_out=0"
100000008532050100,terminal,0.892092971530249,48,0.6113837981154602,"depth=3, in_deg=1, out_deg=0, retention=1.00"
100000008422226100,terminal,0.8484541814946619,8,0.5125720742316138,"depth=3, in_deg=1, out_deg=0, retention=1.00"
100000002369874100,terminal,0.9803603202846976,9,0.7424117786297116,"depth=3, in_deg=4, out_deg=0, retention=1.00"
100000003321895100,distributor,0.8176230723606168,81,0.6434390776211889,"out_deg=2, out=553,830 KZT, out_tx=3, cross_out=0"
100000001875239100,terminal,0.9753558718861209,9,0.7417133502083538,"depth=3, in_deg=3, out_deg=0, retention=1.00"
100000002216999100,terminal,0.8006783807829181,11,0.3923279989199962,"depth=3, in_deg=1, out_deg=0, retention=1.00"
100000002653948100,terminal,0.8479203736654803,48,0.5380300554373914,"depth=3, in_deg=1, out_deg=0, retention=1.00"
100000008632060100,distributor,0.9505427046263346,8,0.652457028858883,"out_deg=9, out=339,200 KZT, out_tx=12, cross_out=4"
100000008746449100,distributor,0.9561893400194111,9,0.7651964290532556,"out_deg=10, out=1,009,000 KZT, out_tx=10, cross_out=1"
100000003031761100,terminal,0.8924266014234875,49,0.5169046861186429,"depth=3, in_deg=1, out_deg=0, retention=1.00"
100000008388049100,terminal,0.8937611209964412,50,0.5862998970736899,"depth=3, in_deg=1, out_deg=0, retention=1.00"
100000002677201100,peripheral,0.549999,4,0.5103807152982991,"in_deg=1, out_deg=1, seed_reach=1, depth=3"
100000002901457100,distributor,0.8764902135231318,8,0.7543477789879871,"out_deg=3, out=119,000 KZT, out_tx=3, cross_out=1"
100000001160401100,terminal,0.8674154804270462,8,0.4607698912672353,"depth=3, in_deg=1, out_deg=0, retention=1.00"
100000002842321100,terminal,0.8669372775800711,48,0.5667211935664799,"depth=3, in_deg=1, out_deg=0, retention=1.00"
100000002547110100,terminal,0.9948287366548043,4,0.7631689840275133,"depth=3, in_deg=6, out_deg=0, retention=1.00"
100000001600934100,terminal,0.5929711663340853,49,0.50538354417388,"depth=3, in_deg=1, out_deg=1, retention=0.94"
100000002818726100,terminal,0.7753225088967971,6,0.48323465242791874,"depth=3, in_deg=1, out_deg=0, retention=1.00"
100000008712827100,terminal,0.8448176156583629,11,0.449709885908116,"depth=3, in_deg=1, out_deg=0, retention=1.00"
100000008259451100,terminal,0.8355760676156583,51,0.4459496958298713,"depth=3, in_deg=1, out_deg=0, retention=1.00"
100000003060517100,terminal,0.8848865658362989,54,0.5204680309545705,"depth=3, in_deg=1, out_deg=0, retention=1.00"
100000002621434100,terminal,0.846285587188612,9,0.4329092014656817,"depth=3, in_deg=1, out_deg=0, retention=1.00"
100000001860090100,terminal,0.7596752669039145,3,0.4150054294887961,"depth=3, in_deg=1, out_deg=0, retention=1.00"
100000004689658100,terminal,0.81137047084558,49,0.603616093970633,"depth=3, in_deg=1, out_deg=1, retention=0.98"
100000003486970100,terminal,0.8650689501779358,48,0.5634253380740999,"depth=3, in_deg=1, out_deg=0, retention=1.00"
100000004659919100,peripheral,0.549999,89,0.6302830467489776,"in_deg=1, out_deg=1, seed_reach=2, depth=3"
100000006111439100,distributor,0.8558750635485511,48,0.7070494248304059,"out_deg=4, out=24,000 KZT, out_tx=4, cross_out=2"
100000002521039100,terminal,0.8866214412811387,8,0.575147917578976,"depth=3, in_deg=1, out_deg=0, retention=1.00"
100000008493007100,transit,0.7798376334519573,11,0.5435133148395059,"in_deg=1, out_deg=1, pass=1.00, relay_2d=1.00"
100000007793871100,terminal,0.8564946619217081,12,0.6031659674872989,"depth=3, in_deg=1, out_deg=0, retention=1.00"
100000001650895100,peripheral,0.549999,55,0.5044728059516425,"in_deg=1, out_deg=1, seed_reach=1, depth=3"
100000002567887100,terminal,0.8323732206405694,48,0.517678166820973,"depth=3, in_deg=1, out_deg=0, retention=1.00"
100000008055972100,terminal,0.8091192170818505,11,0.4015926527464161,"depth=3, in_deg=1, out_deg=0, retention=1.00"
100000008684452100,terminal,0.8331072064056939,11,0.43107247376953983,"depth=3, in_deg=1, out_deg=0, retention=1.00"
100000000764836100,distributor,0.7831479833926454,49,0.6403016731102205,"out_deg=2, out=50,000 KZT, out_tx=2, cross_out=0"
100000003072676100,terminal,0.8141570284697508,54,0.4149109718039109,"depth=3, in_deg=1, out_deg=0, retention=1.00"
100000008757369100,transit,0.5606943152790419,8,0.4959755162802029,"in_deg=1, out_deg=1, pass=2.25, relay_2d=1.00"
100000007618425100,terminal,0.8202958185053381,54,0.42392460812784105,"depth=3, in_deg=1, out_deg=0, retention=1.00"
100000004671609100,terminal,0.8537922597864768,50,0.4632682075457852,"depth=3, in_deg=1, out_deg=0, retention=1.00"
100000004676985100,peripheral,0.549999,8,0.5090301882976053,"in_deg=1, out_deg=1, seed_reach=2, depth=3"
100000002531406100,transit,0.5677756296194909,49,0.5293208467778705,"in_deg=1, out_deg=1, pass=0.96, relay_2d=0.00"
100000002877262100,terminal,0.8537922597864768,4,0.5722094886845751,"depth=3, in_deg=1, out_deg=0, retention=1.00"
100000007591246100,peripheral,0.549999,6,0.5930784338136279,"in_deg=1, out_deg=1, seed_reach=2, depth=3"
100000008712184100,terminal,0.790035587188612,11,0.380059569324576,"depth=3, in_deg=1, out_deg=0, retention=1.00"
100000002975437100,terminal,0.8519463002752972,56,0.5683548864742966,"depth=3, in_deg=1, out_deg=1, retention=0.98"
100000005008589100,terminal,0.8233652135231316,8,0.43763554703881313,"depth=3, in_deg=1, out_deg=0, retention=1.00"
100000000782285100,terminal,0.7643794483985764,8,0.4047355157336019,"depth=3, in_deg=1, out_deg=0, retention=1.00"
100000005198498100,terminal,0.8094862099644128,11,0.40223400539054965,"depth=3, in_deg=1, out_deg=0, retention=1.00"
100000008517538100,distributor,0.966605871886121,9,0.8479789419885503,"out_deg=17, out=1,439,000 KZT, out_tx=18, cross_out=5"
100000005756535100,terminal,0.7939724199288256,11,0.4565179361711904,"depth=3, in_deg=1, out_deg=0, retention=1.00"
100000004917367100,terminal,0.9217860320284696,48,0.6458054545227706,"depth=3, in_deg=2, out_deg=0, retention=1.00"
100000001222263100,transit,0.7150136591796279,48,0.7266758621125723,"in_deg=1, out_deg=1, pass=0.56, relay_2d=1.00"
100000001149815100,terminal,0.7766570284697508,11,0.36554674898700074,"depth=3, in_deg=1, out_deg=0, retention=1.00"
100000006020215100,distributor,0.8259415776986951,6,0.7021666228433245,"out_deg=2, out=33,800 KZT, out_tx=2, cross_out=1"
100000000673868100,distributor,0.8883377817319099,53,0.7350582220616163,"out_deg=5, out=383,000 KZT, out_tx=19, cross_out=0"
100000008749900100,terminal,0.7874666370106761,11,0.37704155150301766,"depth=3, in_deg=1, out_deg=0, retention=1.00"
100000002862113100,terminal,0.8676490213523131,51,0.4536657988268585,"depth=3, in_deg=1, out_deg=0, retention=1.00"
100000001066017100,distributor,0.8313686239620404,8,0.6983621212204751,"out_deg=4, out=82,500 KZT, out_tx=4, cross_out=0"
100000008436257100,terminal,0.8794150355871886,54,0.4526790654982504,"depth=3, in_deg=2, out_deg=0, retention=1.00"
100000003016438100,transit,0.7056531731909845,4,0.617963164088903,"in_deg=1, out_deg=1, pass=1.50, relay_2d=1.00"
100000002534091100,terminal,0.7983096085409253,49,0.4832374806927672,"depth=3, in_deg=1, out_deg=0, retention=1.00"
100000006882208100,terminal,0.790035587188612,1,0.5339741600719071,"depth=3, in_deg=1, out_deg=0, retention=1.00"
100000005362848100,terminal,0.8097864768683274,55,0.41790259243474076,"depth=3, in_deg=1, out_deg=0, retention=1.00"
100000001073568100,distributor,0.8079255634638196,51,0.6767046054391018,"out_deg=2, out=219,503 KZT, out_tx=3, cross_out=0"
100000008687733100,terminal,0.7811943950177935,11,0.3704606407756681,"depth=3, in_deg=1, out_deg=0, retention=1.00"
100000007229557100,terminal,0.9772909252669039,52,0.7552875696880634,"depth=3, in_deg=3, out_deg=0, retention=1.00"
100000001052789100,terminal,0.8427157473309608,13,0.4482393723603306,"depth=3, in_deg=1, out_deg=0, retention=1.00"
100000006967370100,transit,0.6902453295496842,54,0.5342073078342067,"in_deg=1, out_deg=1, pass=0.41, relay_2d=1.00"
100000001837130100,terminal,0.8692059608540925,8,0.4798308643619447,"depth=3, in_deg=1, out_deg=0, retention=1.00"
100000005820746100,terminal,0.7869206178912845,10,0.5791781745958656,"depth=3, in_deg=1, out_deg=1, retention=0.97"
100000002883402100,terminal,0.9608096085409252,9,0.7115949016699513,"depth=3, in_deg=3, out_deg=0, retention=1.00"
100000008582730100,transit,0.7498554270462634,13,0.5206243129407534,"in_deg=1, out_deg=1, pass=1.00, relay_2d=1.00"
100000003116106100,terminal,0.9335742882562277,48,0.6332300672130898,"depth=3, in_deg=1, out_deg=0, retention=1.00"
100000001818442100,terminal,0.8230315836298931,55,0.4355227965511472,"depth=3, in_deg=1, out_deg=0, retention=1.00"
100000008690762100,terminal,0.8076846085409252,11,0.3995906540704467,"depth=3, in_deg=1, out_deg=0, retention=1.00"
100000008712991100,terminal,0.8405137900355871,11,0.4432463783435268,"depth=3, in_deg=1, out_deg=0, retention=1.00"
100000003292191100,terminal,0.8576957295373665,52,0.4659864978747664,"depth=3, in_deg=1, out_deg=0, retention=1.00"
100000005367284100,distributor,0.7992067022538553,8,0.6418998351644534,"out_deg=2, out=48,300 KZT, out_tx=5, cross_out=0"
100000003216073100,peripheral,0.549999,49,0.4409878770035879,"in_deg=1, out_deg=1, seed_reach=1, depth=3"
100000006169033100,distributor,0.868038256227758,70,0.63706366803052,"out_deg=3, out=1,140,271 KZT, out_tx=10, cross_out=0"
100000004407753100,peripheral,0.549999,66,0.533536622881064,"in_deg=1, out_deg=1, seed_reach=1, depth=3"
100000004420041100,distributor,0.8988656583629894,14,0.6627650576864186,"out_deg=7, out=651,830 KZT, out_tx=11, cross_out=0"
100000004715209100,distributor,0.9347345788849348,86,0.6867284425374319,"out_deg=5, out=350,450 KZT, out_tx=17, cross_out=1"
100000004580254100,terminal,0.8708741103202846,54,0.511159121462931,"depth=3, in_deg=2, out_deg=0, retention=1.00"
100000001056414100,terminal,0.8796485765124554,50,0.5587796813033653,"depth=3, in_deg=1, out_deg=0, retention=1.00"
100000008686494100,terminal,0.784931049822064,11,0.3740112437100817,"depth=3, in_deg=1, out_deg=0, retention=1.00"
100000002822472100,terminal,0.9432050711743771,50,0.6876360909211847,"depth=3, in_deg=2, out_deg=0, retention=1.00"
100000001831496100,peripheral,0.549999,12,0.5304111410880353,"in_deg=1, out_deg=1, seed_reach=1, depth=3"
100000008732488100,transit,0.6067157018728733,49,0.5618104110343086,"in_deg=1, out_deg=1, pass=0.07, relay_2d=1.00"
100000004007197100,terminal,0.7745885231316726,15,0.36514141450536086,"depth=3, in_deg=1, out_deg=0, retention=1.00"
100000002815005100,terminal,0.8927602313167259,9,0.5922413838631374,"depth=3, in_deg=1, out_deg=0, retention=1.00"
100000005756189100,transit,0.7771213728442377,48,0.6649672176834636,"in_deg=1, out_deg=1, pass=0.75, relay_2d=1.00"
100000004877085100,distributor,0.844105871886121,6,0.721275492511523,"out_deg=3, out=95,600 KZT, out_tx=9, cross_out=0"
100000002713074100,consolidator,0.6893943823080835,54,0.6035735208325991,"in_deg=2, in=700,000 KZT, seed_reach=1, retention=0.39"
100000002356167100,distributor,0.7842600830367734,48,0.7224434336984211,"out_deg=2, out=29,500 KZT, out_tx=3, cross_out=0"
100000004140487100,distributor,0.9536537528307992,2,0.7011262417536243,"out_deg=10, out=262,600 KZT, out_tx=19, cross_out=5"
100000003147719100,terminal,0.8537922597864768,9,0.44418457765254676,"depth=3, in_deg=1, out_deg=0, retention=1.00"
100000008745884100,terminal,0.7939724199288256,11,0.3843426692672758,"depth=3, in_deg=1, out_deg=0, retention=1.00"
100000002559089100,terminal,0.9608207295373665,50,0.6181093183806917,"depth=3, in_deg=2, out_deg=0, retention=1.00"
100000004984689100,terminal,0.8341748220640569,49,0.43728367155353287,"depth=3, in_deg=1, out_deg=0, retention=1.00"
100000004340038100,peripheral,0.549999,6,0.5545992137880369,"in_deg=1, out_deg=1, seed_reach=3, depth=3"
100000005052998100,peripheral,0.549999,8,0.4300623194377966,"in_deg=1, out_deg=1, seed_reach=2, depth=3"
100000007597382100,terminal,0.784931049822064,48,0.4773697846353486,"depth=3, in_deg=1, out_deg=0, retention=1.00"
100000008697670100,terminal,0.8052157473309608,11,0.396714895078429,"depth=3, in_deg=1, out_deg=0, retention=1.00"
100000008460102100,distributor,0.9757228647686834,84,0.7442628840114501,"out_deg=31, out=476,570 KZT, out_tx=34, cross_out=3"
100000004399686100,terminal,0.9398465302491102,10,0.5772595793643635,"depth=3, in_deg=1, out_deg=0, retention=1.00"
100000008688155100,terminal,0.8003113879003558,11,0.3917993954633764,"depth=3, in_deg=1, out_deg=0, retention=1.00"
100000004386331100,distributor,0.7711373072360617,14,0.6321703679624122,"out_deg=2, out=17,500 KZT, out_tx=2, cross_out=0"
100000007999728100,terminal,0.7994773131672597,51,0.4009243678755534,"depth=3, in_deg=1, out_deg=0, retention=1.00"
100000001597424100,terminal,0.827969306049822,51,0.43600592748189815,"depth=3, in_deg=1, out_deg=0, retention=1.00"
100000003677936100,transit,0.6073190976546385,3,0.5454190336889915,"in_deg=1, out_deg=1, pass=0.18, relay_2d=1.00"
100000002943472100,terminal,0.8688389679715302,4,0.5966372158384777,"depth=3, in_deg=1, out_deg=0, retention=1.00"
100000004892144100,consolidator,0.8712824792408068,10,0.6897628687043367,"in_deg=2, in=4,500,000 KZT, seed_reach=2, retention=0.96"
100000008077552100,terminal,0.8754448398576512,49,0.5031141947526926,"depth=3, in_deg=1, out_deg=0, retention=1.00"
100000002914245100,terminal,0.863334074733096,49,0.46505018014620864,"depth=3, in_deg=1, out_deg=0, retention=1.00"
100000004906181100,distributor,0.9141681494661922,63,0.8086557742717638,"out_deg=7, out=2,473,418 KZT, out_tx=33, cross_out=0"
100000008514970100,transit,0.5977875760325101,49,0.5703413220222175,"in_deg=1, out_deg=1, pass=0.08, relay_2d=1.00"
100000008258458100,distributor,0.830167556346382,68,0.7503601911801935,"out_deg=2, out=1,557,988 KZT, out_tx=4, cross_out=0"
100000003484058100,terminal,0.5735922840504691,51,0.5016358458161619,"depth=3, in_deg=1, out_deg=1, retention=0.95"
100000003574895100,transit,0.7672432703974854,8,0.6072384728283019,"in_deg=1, out_deg=1, pass=0.72, relay_2d=1.00"
100000000896111100,terminal,0.8830182384341636,10,0.5217146541537311,"depth=3, in_deg=1, out_deg=0, retention=1.00"
100000008715887100,terminal,0.790035587188612,11,0.380059569324576,"depth=3, in_deg=1, out_deg=0, retention=1.00"
100000000560751100,terminal,0.8037811387900355,6,0.5399643270310959,"depth=3, in_deg=1, out_deg=0, retention=1.00"
100000008708207100,terminal,0.9548153914590747,9,0.6703074186678633,"depth=3, in_deg=2, out_deg=0, retention=1.00"
100000003152964100,terminal,0.6621087353135767,49,0.5268157602444623,"depth=3, in_deg=1, out_deg=1, retention=0.96"
100000004991812100,terminal,0.7721863879003559,59,0.49234960561423907,"depth=3, in_deg=1, out_deg=0, retention=1.00"
100000000291908100,terminal,0.7069813626400756,71,0.6064017784391712,"depth=3, in_deg=1, out_deg=1, retention=0.95"
100000003132484100,terminal,0.8494217081850534,9,0.5035315664181031,"depth=3, in_deg=1, out_deg=0, retention=1.00"
100000004077081100,distributor,0.9200133451957297,2,0.8166226507660499,"out_deg=4, out=615,000 KZT, out_tx=6, cross_out=1"
100000004770073100,transit,0.8382583695433499,8,0.5238513779144288,"in_deg=1, out_deg=1, pass=1.00, relay_2d=1.00"
100000003163886100,terminal,0.8941614768683274,82,0.6319578750436072,"depth=3, in_deg=1, out_deg=0, retention=1.00"
100000000795374100,terminal,0.8307050711743772,49,0.43298045684151093,"depth=3, in_deg=1, out_deg=0, retention=1.00"
100000002391278100,peripheral,0.549999,58,0.4709515893320552,"in_deg=1, out_deg=1, seed_reach=1, depth=3"
100000004635886100,terminal,0.7990435943060498,1,0.47564176218512505,"depth=3, in_deg=1, out_deg=0, retention=1.00"
100000000413678100,distributor,0.8531717081850534,49,0.8266694937595045,"out_deg=3, out=528,198 KZT, out_tx=18, cross_out=0"
100000008659950100,terminal,0.8791814946619216,4,0.6138021650702428,"depth=3, in_deg=1, out_deg=0, retention=1.00"
100000003964910100,terminal,0.9633229537366548,54,0.584819646868914,"depth=3, in_deg=2, out_deg=0, retention=1.00"
100000008764654100,terminal,0.806450177935943,11,0.39809794562242395,"depth=3, in_deg=1, out_deg=0, retention=1.00"
100000005830339100,consolidator,0.831181937935682,2,0.7542560625245236,"in_deg=5, in=476,341 KZT, seed_reach=2, retention=0.29"
100000002032323100,transit,0.557868899339095,4,0.6055253530764926,"in_deg=1, out_deg=1, pass=3.50, relay_2d=1.00"
100000008668099100,terminal,0.784931049822064,11,0.3740112437100817,"depth=3, in_deg=1, out_deg=0, retention=1.00"
100000008634520100,terminal,0.8494217081850534,4,0.5653643066316263,"depth=3, in_deg=1, out_deg=0, retention=1.00"
100000002103448100,terminal,0.8080849644128113,11,0.4002434650676649,"depth=3, in_deg=1, out_deg=0, retention=1.00"
100000005996909100,terminal,0.7627112989323843,5,0.47555439870923755,"depth=3, in_deg=1, out_deg=0, retention=1.00"
100000007392365100,distributor,0.8987703355363498,64,0.7084879903115352,"out_deg=6, out=1,765,600 KZT, out_tx=9, cross_out=0"
100000008279405100,terminal,0.9177602313167259,49,0.5251791226790006,"depth=3, in_deg=1, out_deg=0, retention=1.00"
100000008343874100,distributor,0.7984653024911033,49,0.774779402983536,"out_deg=2, out=176,400 KZT, out_tx=5, cross_out=0"
100000002548759100,terminal,0.9504114768683274,9,0.6468922274920144,"depth=3, in_deg=2, out_deg=0, retention=1.00"
100000003069463100,peripheral,0.549999,57,0.4278604714875659,"in_deg=1, out_deg=1, seed_reach=1, depth=3"
100000008474391100,terminal,0.7939724199288256,59,0.5183951603704787,"depth=3, in_deg=1, out_deg=0, retention=1.00"
100000003097324100,terminal,0.9455404804270462,52,0.6972337326507618,"depth=3, in_deg=2, out_deg=0, retention=1.00"
100000001852140100,terminal,0.8116214412811388,27,0.479425111870608,"depth=3, in_deg=1, out_deg=0, retention=1.00"
100000003293377100,terminal,0.8307050711743772,48,0.516054300257881,"depth=3, in_deg=1, out_deg=0, retention=1.00"
100000006048193100,terminal,0.8227646797153024,8,0.5023834208096195,"depth=3, in_deg=1, out_deg=0, retention=1.00"
100000002435265100,terminal,0.9120440391459075,8,0.5533287156440215,"depth=3, in_deg=1, out_deg=0, retention=1.00"
100000004587414100,terminal,0.957751334519573,48,0.7057252507681121,"depth=3, in_deg=2, out_deg=0, retention=1.00"
100000001726614100,terminal,0.8625333629893238,8,0.4679376952133009,"depth=3, in_deg=1, out_deg=0, retention=1.00"
100000003934614100,transit,0.6098122741669776,65,0.45282539946601186,"in_deg=2, out_deg=1, pass=0.68, relay_2d=0.50"
100000008772246100,terminal,0.8242660142348754,11,0.42109167462737074,"depth=3, in_deg=1, out_deg=0, retention=1.00"
100000002603371100,terminal,0.7690502669039145,8,0.3684371518595936,"depth=3, in_deg=1, out_deg=0, retention=1.00"
100000004445291100,terminal,0.8319172597864768,73,0.4433410621286932,"depth=3, in_deg=1, out_deg=0, retention=1.00"
100000008571243100,terminal,0.8616659252669039,55,0.4769944113918275,"depth=3, in_deg=1, out_deg=0, retention=1.00"
100000001138283100,distributor,0.7831479833926454,49,0.5910876153781615,"out_deg=2, out=50,000 KZT, out_tx=2, cross_out=0"
100000002593344100,terminal,0.9532806939501779,9,0.7138040381491225,"depth=3, in_deg=2, out_deg=0, retention=1.00"
100000007390016100,transit,0.5751624107779046,72,0.6678324370867703,"in_deg=1, out_deg=1, pass=0.68, relay_2d=0.60"
100000001285440100,terminal,0.9412032918149466,52,0.5817233721632074,"depth=3, in_deg=2, out_deg=0, retention=1.00"
100000006746688100,terminal,0.8223976868327402,11,0.41798554409134336,"depth=3, in_deg=1, out_deg=0, retention=1.00"
100000006471232100,terminal,0.8228981316725978,11,0.41893989332013953,"depth=3, in_deg=1, out_deg=0, retention=1.00"
100000008662805100,terminal,0.7862655693950178,11,0.37590128226499114,"depth=3, in_deg=1, out_deg=0, retention=1.00"
100000004292885100,terminal,0.857795818505338,11,0.47062994423502114,"depth=3, in_deg=1, out_deg=0, retention=1.00"
100000008190442100,terminal,0.7786588078291814,11,0.36781738108833306,"depth=3, in_deg=1, out_deg=0, retention=1.00"
100000007131370100,peripheral,0.549999,5,0.5667775086677611,"in_deg=1, out_deg=1, seed_reach=3, depth=3"
100000008717802100,terminal,0.806450177935943,11,0.39809794562242395,"depth=3, in_deg=1, out_deg=0, retention=1.00"
100000005357034100,terminal,0.769584074733096,8,0.4304767024700534,"depth=3, in_deg=1, out_deg=0, retention=1.00"
100000005532138100,terminal,0.8048821174377223,3,0.4091182864774702,"depth=3, in_deg=1, out_deg=0, retention=1.00"
100000005264874100,distributor,0.7968045670225385,85,0.5677026548717943,"out_deg=2, out=78,000 KZT, out_tx=3, cross_out=0"
100000008193258100,peripheral,0.549999,54,0.48327152114429556,"in_deg=1, out_deg=1, seed_reach=1, depth=3"
100000003190207100,peripheral,0.549999,0,0.6335160780653086,"in_deg=1, out_deg=1, seed_reach=2, depth=3"
100000004321983100,distributor,0.7864842823250296,58,0.5332052839661369,"out_deg=2, out=36,200 KZT, out_tx=3, cross_out=0"
100000002633108100,terminal,0.9356983985765124,51,0.5439206243420195,"depth=3, in_deg=1, out_deg=0, retention=1.00"
100000005941908100,terminal,0.7721863879003559,51,0.5213531643331003,"depth=3, in_deg=1, out_deg=0, retention=1.00"
100000001835625100,terminal,0.8443171708185053,48,0.532197882798335,"depth=3, in_deg=1, out_deg=0, retention=1.00"
100000008671081100,terminal,0.819028024911032,11,0.41417454942191667,"depth=3, in_deg=1, out_deg=0, retention=1.00"
100000002908521100,terminal,0.8242660142348754,11,0.42109167462737074,"depth=3, in_deg=1, out_deg=0, retention=1.00"
100000000749118100,peripheral,0.549999,8,0.48898431786098895,"in_deg=1, out_deg=1, seed_reach=2, depth=3"
100000008652094100,terminal,0.8170929715302491,8,0.4718998543475979,"depth=3, in_deg=1, out_deg=0, retention=1.00"
100000007647294100,terminal,0.8886232206405693,69,0.5469224123997292,"depth=3, in_deg=1, out_deg=0, retention=1.00"
100000003270419100,terminal,0.8650689501779358,6,0.6032385053338863,"depth=3, in_deg=1, out_deg=0, retention=1.00"
100000003050771100,terminal,0.8768794483985765,6,0.6232291496386554,"depth=3, in_deg=1, out_deg=0, retention=1.00"
100000008427027100,terminal,0.8838856761565835,2,0.6133529458573772,"depth=3, in_deg=1, out_deg=0, retention=1.00"
100000004291560100,terminal,0.8274021352313167,8,0.4821129369374607,"depth=3, in_deg=1, out_deg=0, retention=1.00"
100000003594472100,terminal,0.7939724199288256,56,0.4019360856373826,"depth=3, in_deg=1, out_deg=0, retention=1.00"
100000002575080100,transit,0.8352578360251848,5,0.7312331523722095,"in_deg=1, out_deg=1, pass=0.96, relay_2d=1.00"
100000008038077100,terminal,0.9338411921708184,48,0.6337518018591062,"depth=3, in_deg=1, out_deg=0, retention=1.00"
100000003899325100,terminal,0.8319728647686833,49,0.4355564937029943,"depth=3, in_deg=1, out_deg=0, retention=1.00"
100000001155773100,terminal,0.7974755338078291,11,0.3885961667123205,"depth=3, in_deg=1, out_deg=0, retention=1.00"
100000000611474100,terminal,0.8146241103202847,59,0.47712567436110975,"depth=3, in_deg=1, out_deg=0, retention=1.00"
100000006704530100,distributor,0.8514902135231317,57,0.6373113367212907,"out_deg=3, out=428,000 KZT, out_tx=5, cross_out=0"
100000003996562100,terminal,0.7665814056939502,8,0.4091669861407525,"depth=3, in_deg=1, out_deg=0, retention=1.00"
100000002646887100,terminal,0.8022130782918149,4,0.4098124316831247,"depth=3, in_deg=1, out_deg=0, retention=1.00"
100000002556775100,terminal,0.8838856761565835,48,0.594202589985491,"depth=3, in_deg=1, out_deg=0, retention=1.00"
100000002722108100,terminal,0.9397130782918148,50,0.6202815627000541,"depth=3, in_deg=1, out_deg=0, retention=1.00"
100000002737980100,terminal,0.8150911921708185,1,0.4946777562261525,"depth=3, in_deg=1, out_deg=0, retention=1.00"
100000002913340100,terminal,0.8003113879003558,11,0.3917993954633764,"depth=3, in_deg=1, out_deg=0, retention=1.00"
100000003610172100,terminal,0.8419483985765124,48,0.52969316337223,"depth=3, in_deg=1, out_deg=0, retention=1.00"
100000001052945100,distributor,0.8641236654804272,67,0.6552921930927403,"out_deg=3, out=1,595,700 KZT, out_tx=6, cross_out=0"
100000002369510100,terminal,0.8189279359430605,11,0.4140211807803273,"depth=3, in_deg=1, out_deg=0, retention=1.00"
100000001954534100,peripheral,0.549999,8,0.4982080341132442,"in_deg=1, out_deg=1, seed_reach=1, depth=3"
100000008488166100,terminal,0.762978202846975,11,0.3529176420386846,"depth=3, in_deg=1, out_deg=0, retention=1.00"
100000005100475100,terminal,0.8212299822064056,3,0.4539843798117579,"depth=3, in_deg=1, out_deg=0, retention=1.00"
100000002708624100,terminal,0.8037811387900355,73,0.4376511597713094,"depth=3, in_deg=1, out_deg=0, retention=1.00"
100000004591973100,peripheral,0.549999,14,0.5945540931587231,"in_deg=1, out_deg=1, seed_reach=2, depth=3"
100000000802149100,terminal,0.855660587188612,8,0.456296313608655,"depth=3, in_deg=1, out_deg=0, retention=1.00"
100000003095610100,terminal,0.8005449288256228,55,0.40688662739218134,"depth=3, in_deg=1, out_deg=0, retention=1.00"
100000004183610100,peripheral,0.549999,6,0.6638742762450939,"in_deg=1, out_deg=1, seed_reach=2, depth=3"
100000005198906100,peripheral,0.549999,48,0.5960402524172993,"in_deg=1, out_deg=1, seed_reach=3, depth=3"
100000008599354100,peripheral,0.549999,8,0.6298161100841061,"in_deg=1, out_deg=1, seed_reach=2, depth=3"
100000001303311100,terminal,0.9889234875444839,52,0.7533956606278396,"depth=3, in_deg=5, out_deg=0, retention=1.00"
100000008776420100,terminal,0.8413145017793594,11,0.44523399286192095,"depth=3, in_deg=1, out_deg=0, retention=1.00"
100000004737764100,terminal,0.8970640569395018,2,0.5594139286890236,"depth=3, in_deg=1, out_deg=0, retention=1.00"
100000003154105100,distributor,0.8905026690391459,78,0.7034193499630289,"out_deg=7, out=338,000 KZT, out_tx=9, cross_out=0"
100000008708025100,terminal,0.7721863879003559,66,0.40273661629039564,"depth=3, in_deg=1, out_deg=0, retention=1.00"
100000008740793100,terminal,0.7968082740213522,11,0.38768133398418103,"depth=3, in_deg=1, out_deg=0, retention=1.00"
100000008459449100,terminal,0.8346419039145907,8,0.5168210373699023,"depth=3, in_deg=1, out_deg=0, retention=1.00"
100000008677518100,terminal,0.8285031138790035,11,0.42584407269416846,"depth=3, in_deg=1, out_deg=0, retention=1.00"
100000002212494100,terminal,0.8669372775800711,56,0.501819058335163,"depth=3, in_deg=1, out_deg=0, retention=1.00"
100000001825934100,peripheral,0.549999,85,0.5121330399541068,"in_deg=1, out_deg=1, seed_reach=1, depth=3"
100000003736419100,transit,0.6957636640294473,8,0.5988564182574917,"in_deg=1, out_deg=1, pass=0.43, relay_2d=1.00"
100000008430691100,distributor,0.858414887307236,80,0.699485759421487,"out_deg=2, out=604,900 KZT, out_tx=2, cross_out=1"
100000003073635100,terminal,0.8607317615658363,49,0.48037974487223584,"depth=3, in_deg=1, out_deg=0, retention=1.00"
100000001686328100,terminal,0.8629670818505337,9,0.5592116187375801,"depth=3, in_deg=1, out_deg=0, retention=1.00"
100000008707810100,terminal,0.8069839857651245,11,0.3988045637287435,"depth=3, in_deg=1, out_deg=0, retention=1.00"
100000001236706100,coordinator,0.9145796263345196,6,0.8496164563265283,"seed_reach=5, betweenness=89p, PageRank=92p, bridges=1"
100000008536546100,terminal,0.941970640569395,52,0.6547279315999253,"depth=3, in_deg=2, out_deg=0, retention=1.00"
100000007140834100,terminal,0.8147019572953736,3,0.46778059059323784,"depth=3, in_deg=1, out_deg=0, retention=1.00"
100000007022818100,terminal,0.7877335409252668,11,0.37743640268745476,"depth=3, in_deg=1, out_deg=0, retention=1.00"
100000007484343100,terminal,0.8700733985765124,8,0.503250599179794,"depth=3, in_deg=2, out_deg=0, retention=1.00"
100000001379511100,terminal,0.8355760676156583,4,0.45159916202204214,"depth=3, in_deg=1, out_deg=0, retention=1.00"
100000004569484100,distributor,0.8879967378410439,55,0.7686469997216402,"out_deg=4, out=156,000 KZT, out_tx=4, cross_out=2"
100000002948492100,terminal,0.800478202846975,51,0.40184377391834236,"depth=3, in_deg=1, out_deg=0, retention=1.00"
100000002116705100,terminal,0.7890013345195729,11,0.37879930576156584,"depth=3, in_deg=1, out_deg=0, retention=1.00"
100000002481974100,distributor,0.80086743772242,49,0.7586317874247376,"out_deg=2, out=318,000 KZT, out_tx=4, cross_out=0"
100000003920950100,terminal,0.8852201957295374,3,0.5251587705230631,"depth=3, in_deg=1, out_deg=0, retention=1.00"
100000000733451100,peripheral,0.549999,6,0.6373033819368801,"in_deg=1, out_deg=1, seed_reach=2, depth=3"
100000005182219100,terminal,0.8978981316725978,48,0.6568445653435132,"depth=3, in_deg=2, out_deg=0, retention=1.00"
100000008633099100,peripheral,0.549999,3,0.43904226701222404,"in_deg=1, out_deg=1, seed_reach=1, depth=3"
100000001380107100,terminal,0.7637455516014234,82,0.4444810502111962,"depth=3, in_deg=1, out_deg=0, retention=1.00"
100000008755168100,terminal,0.7890013345195729,11,0.37879930576156584,"depth=3, in_deg=1, out_deg=0, retention=1.00"
100000002628576100,consolidator,0.8083116354205315,48,0.8241564637988149,"in_deg=2, in=727,882 KZT, seed_reach=3, retention=0.26"
100000001611488100,terminal,0.9723198398576512,48,0.7098355584813877,"depth=3, in_deg=2, out_deg=0, retention=1.00"
100000005375968100,distributor,0.8034771648873072,8,0.6872926764203487,"out_deg=2, out=86,000 KZT, out_tx=4, cross_out=0"
100000003581109100,terminal,0.8232317615658362,8,0.47771038555251516,"depth=3, in_deg=1, out_deg=0, retention=1.00"
100000002933386100,peripheral,0.549999,2,0.5295145582696373,"in_deg=1, out_deg=1, seed_reach=1, depth=3"
100000002284426100,terminal,0.8894350533807829,48,0.5587009762638921,"depth=3, in_deg=1, out_deg=0, retention=1.00"
100000008579978100,peripheral,0.549999,48,0.6048943991802741,"in_deg=1, out_deg=1, seed_reach=3, depth=3"
100000001549194100,terminal,0.8263011565836298,51,0.43380126077826753,"depth=3, in_deg=1, out_deg=0, retention=1.00"
100000001427082100,distributor,0.8644498813760381,78,0.7369508624662575,"out_deg=5, out=124,900 KZT, out_tx=6, cross_out=0"
100000004657034100,terminal,0.8636343416370106,48,0.5608634786545671,"depth=3, in_deg=1, out_deg=0, retention=1.00"
100000003796063100,distributor,0.9739546263345196,48,0.8040867982977761,"out_deg=15, out=959,150 KZT, out_tx=23, cross_out=10"
100000005268319100,distributor,0.9177416963226572,8,0.6840470967439042,"out_deg=5, out=91,000 KZT, out_tx=10, cross_out=2"
100000008744799100,terminal,0.7780582740213523,11,0.3669810464752106,"depth=3, in_deg=1, out_deg=0, retention=1.00"
100000008677215100,terminal,0.7686499110320284,59,0.47082400647425143,"depth=3, in_deg=1, out_deg=0, retention=1.00"
100000007593823100,distributor,0.9427046263345198,8,0.8299665512303843,"out_deg=13, out=162,900 KZT, out_tx=21, cross_out=6"
100000001282143100,terminal,0.991103202846975,50,0.7796507020159136,"depth=3, in_deg=5, out_deg=0, retention=1.00"
100000008029279100,terminal,0.7868661032028469,49,0.3807113359657859,"depth=3, in_deg=1, out_deg=0, retention=1.00"
100000000594783100,distributor,0.7962262752075919,10,0.6892271327999258,"out_deg=2, out=152,500 KZT, out_tx=2, cross_out=0"
100000002705460100,terminal,0.8516570284697509,1,0.5088197973592039,"depth=3, in_deg=1, out_deg=0, retention=1.00"
100000002952756100,terminal,0.8268683274021351,12,0.46478430883245603,"depth=3, in_deg=1, out_deg=0, retention=1.00"
100000004634420100,terminal,0.806450177935943,11,0.39809794562242395,"depth=3, in_deg=1, out_deg=0, retention=1.00"
100000000583220100,peripheral,0.549999,75,0.6840832488838139,"in_deg=1, out_deg=1, seed_reach=2, depth=3"
100000003286537100,terminal,0.9282918149466192,9,0.6179310031370876,"depth=3, in_deg=2, out_deg=0, retention=1.00"
100000002958345100,terminal,0.8848198398576512,50,0.5676609310339813,"depth=3, in_deg=1, out_deg=0, retention=1.00"
100000005055454100,terminal,0.7646463523131672,20,0.4288578250297487,"depth=3, in_deg=1, out_deg=0, retention=1.00"
100000008738526100,peripheral,0.549999,52,0.4625439177002423,"in_deg=1, out_deg=1, seed_reach=1, depth=3"
100000001298099100,terminal,0.7913701067615658,55,0.39594330209359796,"depth=3, in_deg=1, out_deg=0, retention=1.00"
100000006491272100,terminal,0.8069839857651245,11,0.3988045637287435,"depth=3, in_deg=1, out_deg=0, retention=1.00"
100000000552584100,terminal,0.8353488434163702,10,0.6681235210921357,"depth=3, in_deg=1, out_deg=1, retention=0.98"
100000005187208100,terminal,0.7806605871886121,48,0.41130895105339416,"depth=3, in_deg=1, out_deg=0, retention=1.00"
100000003528285100,distributor,0.8412588967971532,2,0.8146597577298712,"out_deg=4, out=548,000 KZT, out_tx=6, cross_out=0"
100000001484381100,terminal,0.9295262455516013,55,0.5886310990327995,"depth=3, in_deg=2, out_deg=0, retention=1.00"
100000002508637100,terminal,0.7489205839122354,49,0.5497982527293853,"depth=3, in_deg=1, out_deg=1, retention=0.97"
100000003149149100,terminal,0.8790814056939501,48,0.5858358909343309,"depth=3, in_deg=1, out_deg=0, retention=1.00"
100000001538095100,terminal,0.9444728647686832,50,0.6973761547247841,"depth=3, in_deg=2, out_deg=0, retention=1.00"
100000008695133100,terminal,0.8184274911032028,11,0.41350633598816744,"depth=3, in_deg=1, out_deg=0, retention=1.00"
100000008749405100,terminal,0.8189279359430605,11,0.4140211807803273,"depth=3, in_deg=1, out_deg=0, retention=1.00"
100000005815602100,peripheral,0.549999,1,0.6145748480928985,"in_deg=1, out_deg=1, seed_reach=2, depth=3"
100000006641671100,transit,0.8563205677774184,49,0.6368922423294247,"in_deg=2, out_deg=1, pass=1.14, relay_2d=1.00"
100000002945031100,terminal,0.7825289145907472,6,0.4939526418995305,"depth=3, in_deg=1, out_deg=0, retention=1.00"
100000003497735100,terminal,0.8600311387900356,13,0.47602060915884176,"depth=3, in_deg=1, out_deg=0, retention=1.00"
100000004644615100,distributor,0.8360394424673785,12,0.6449074463589134,"out_deg=2, out=379,665 KZT, out_tx=14, cross_out=0"
100000002755292100,terminal,0.8747442170818505,48,0.5782213142852427,"depth=3, in_deg=1, out_deg=0, retention=1.00"
100000005142492100,peripheral,0.549999,3,0.5154504454718903,"in_deg=1, out_deg=1, seed_reach=1, depth=3"
100000002893020100,terminal,0.7908029359430604,55,0.39496089658192624,"depth=3, in_deg=1, out_deg=0, retention=1.00"
100000004500444100,consolidator,0.7131371095294584,51,0.6234214051067788,"in_deg=2, in=180,000 KZT, seed_reach=1, retention=0.59"
100000008454065100,terminal,0.8020462633451957,51,0.40341870496652277,"depth=3, in_deg=1, out_deg=0, retention=1.00"
100000008416433100,terminal,0.7939724199288256,51,0.39392896819966017,"depth=3, in_deg=1, out_deg=0, retention=1.00"
100000005265073100,peripheral,0.549999,0,0.5141877862503619,"in_deg=1, out_deg=1, seed_reach=2, depth=3"
100000006734214100,consolidator,0.9364915990899015,48,0.8660562945849766,"in_deg=5, in=610,000 KZT, seed_reach=3, retention=0.94"
100000002611334100,peripheral,0.549999,8,0.47200933706727505,"in_deg=1, out_deg=1, seed_reach=1, depth=3"
100000006225798100,consolidator,0.9117043158091896,54,0.8182594427875043,"in_deg=3, in=722,000 KZT, seed_reach=3, retention=0.96"
100000002849158100,consolidator,0.8060053380782919,9,0.8350852559626324,"in_deg=3, in=723,000 KZT, seed_reach=3, retention=0.00"
100000008686214100,terminal,0.8037811387900355,49,0.48938603521614926,"depth=3, in_deg=1, out_deg=0, retention=1.00"
100000004931931100,peripheral,0.549999,8,0.5290973063189587,"in_deg=1, out_deg=1, seed_reach=2, depth=3"
100000007510875100,terminal,0.7596752669039145,9,0.4110463547557,"depth=3, in_deg=1, out_deg=0, retention=1.00"
100000005233755100,transit,0.6384675266903915,54,0.5075104791663273,"in_deg=1, out_deg=1, pass=0.20, relay_2d=1.00"
100000008042075100,terminal,0.7596752669039145,10,0.3702100558233157,"depth=3, in_deg=1, out_deg=0, retention=1.00"
100000001680944100,terminal,0.8889568505338078,52,0.6310120096651023,"depth=3, in_deg=1, out_deg=0, retention=1.00"
100000008417029100,terminal,0.8537922597864768,9,0.5440956096810164,"depth=3, in_deg=1, out_deg=0, retention=1.00"
100000004975919100,distributor,0.7700696915776987,49,0.5010393784710737,"out_deg=2, out=15,000 KZT, out_tx=2, cross_out=0"
100000003087877100,terminal,0.8502557829181494,49,0.4449554798252741,"depth=3, in_deg=1, out_deg=0, retention=1.00"
100000008295429100,terminal,0.8870217971530249,48,0.600656255707872,"depth=3, in_deg=1, out_deg=0, retention=1.00"
100000003254277100,transit,0.8171108193733183,8,0.6369994545660155,"in_deg=1, out_deg=1, pass=0.91, relay_2d=1.00"
100000005314565100,terminal,0.926623665480427,8,0.5345919577752354,"depth=3, in_deg=1, out_deg=0, retention=1.00"
100000002951898100,terminal,0.8206961743772241,51,0.42729501707893874,"depth=3, in_deg=1, out_deg=0, retention=1.00"
100000001009583100,terminal,0.8891570284697509,48,0.6045959393057717,"depth=3, in_deg=1, out_deg=0, retention=1.00"
100000004064431100,transit,0.6242121201751984,15,0.4983723190020355,"in_deg=1, out_deg=1, pass=0.38, relay_2d=1.00"
100000001927599100,terminal,0.9336632562277579,55,0.6054950169347083,"depth=3, in_deg=2, out_deg=0, retention=1.00"
100000007737775100,terminal,0.7637455516014234,79,0.46632268722187237,"depth=3, in_deg=1, out_deg=0, retention=1.00"
100000003157679100,terminal,0.9787922597864769,9,0.7480521670051605,"depth=3, in_deg=4, out_deg=0, retention=1.00"
100000001229743100,peripheral,0.549999,8,0.4104178279378123,"in_deg=1, out_deg=1, seed_reach=1, depth=3"
100000003795588100,terminal,0.9296708185053381,8,0.5338828217433323,"depth=3, in_deg=1, out_deg=0, retention=1.00"
100000002301828100,terminal,0.8267015124555159,54,0.42397546718156337,"depth=3, in_deg=1, out_deg=0, retention=1.00"
100000005409156100,terminal,0.9428047153024911,48,0.6648177166442911,"depth=3, in_deg=2, out_deg=0, retention=1.00"
100000002513028100,distributor,0.8651467971530249,87,0.6478950872313909,"out_deg=3, out=332,709 KZT, out_tx=24, cross_out=0"
100000003218308100,terminal,0.7759230427046263,8,0.43579550199620815,"depth=3, in_deg=1, out_deg=0, retention=1.00"
100000008489604100,terminal,0.775556049822064,11,0.3645055662641366,"depth=3, in_deg=1, out_deg=0, retention=1.00"
100000004450649100,distributor,0.813011565836299,48,0.7783937052237667,"out_deg=2, out=46,527 KZT, out_tx=2, cross_out=1"
100000008767065100,terminal,0.7721863879003559,52,0.4705079686035629,"depth=3, in_deg=1, out_deg=0, retention=1.00"
100000003035737100,terminal,0.930796285204289,48,0.8274908206769723,"depth=3, in_deg=2, out_deg=1, retention=0.99"
100000002748761100,terminal,0.950278024911032,50,0.6227865765859102,"depth=3, in_deg=1, out_deg=0, retention=1.00"
100000008432942100,terminal,0.8643794483985764,8,0.4974560888273409,"depth=3, in_deg=1, out_deg=0, retention=1.00"
100000004278574100,peripheral,0.549999,48,0.5305223510524483,"in_deg=1, out_deg=1, seed_reach=3, depth=3"
100000000926766100,transit,0.5798554270462635,73,0.4523220072458335,"in_deg=1, out_deg=1, pass=0.32, relay_2d=1.00"
100000008661550100,terminal,0.7988100533807829,11,0.38986132490918035,"depth=3, in_deg=1, out_deg=0, retention=1.00"
100000000783406100,terminal,0.7642126334519572,69,0.3682304850768391,"depth=3, in_deg=1, out_deg=0, retention=1.00"
100000008730371100,terminal,0.9680160142348755,8,0.6694795491001627,"depth=3, in_deg=2, out_deg=0, retention=1.00"
100000002878467100,terminal,0.9360987544483985,4,0.6017274360343359,"depth=3, in_deg=2, out_deg=0, retention=1.00"
100000003171587100,distributor,0.8129670818505339,48,0.779339916358781,"out_deg=2, out=431,300 KZT, out_tx=7, cross_out=0"
100000002696152100,distributor,0.8107280545670225,79,0.7224790545584365,"out_deg=2, out=69,000 KZT, out_tx=8, cross_out=0"
100000002109656100,terminal,0.8941614768683274,50,0.5870290494208315,"depth=3, in_deg=1, out_deg=0, retention=1.00"
100000001317336100,distributor,0.8250963819691577,56,0.6222467845696723,"out_deg=2, out=1,752,000 KZT, out_tx=3, cross_out=0"
100000005222360100,peripheral,0.549999,51,0.5783559357165541,"in_deg=1, out_deg=1, seed_reach=1, depth=3"
100000001445848100,transit,0.5801957976202208,69,0.5572570900321178,"in_deg=1, out_deg=1, pass=0.64, relay_2d=0.80"
100000008720856100,peripheral,0.549999,48,0.48924495560176884,"in_deg=1, out_deg=1, seed_reach=1, depth=3"
100000002448088100,transit,0.7629003558718861,78,0.7465553768592095,"in_deg=3, out_deg=1, pass=1.25, relay_2d=0.50"
100000003109805100,terminal,0.8185609430604982,54,0.4138630246882677,"depth=3, in_deg=1, out_deg=0, retention=1.00"
100000008223661100,distributor,0.9084392475851552,4,0.8295693315807691,"out_deg=5, out=262,580 KZT, out_tx=5, cross_out=4"
100000004096559100,terminal,0.8259675266903914,3,0.4929132156335095,"depth=3, in_deg=1, out_deg=0, retention=1.00"
100000002257794100,terminal,0.8662032918149466,15,0.5306827430750822,"depth=3, in_deg=1, out_deg=0, retention=1.00"
100000003112578100,terminal,0.8551935053380783,50,0.5183832514927091,"depth=3, in_deg=1, out_deg=0, retention=1.00"
100000007020162100,terminal,0.8481872775800712,51,0.4667407348991412,"depth=3, in_deg=1, out_deg=0, retention=1.00"
100000001934935100,terminal,0.8591303380782918,8,0.5283352709764062,"depth=3, in_deg=1, out_deg=0, retention=1.00"
100000002663511100,terminal,0.8812833629893237,8,0.49869316992096596,"depth=3, in_deg=1, out_deg=0, retention=1.00"
100000003338583100,terminal,0.7976089857651245,15,0.3934504399726888,"depth=3, in_deg=1, out_deg=0, retention=1.00"
100000002904919100,peripheral,0.549999,8,0.44974421209810544,"in_deg=1, out_deg=1, seed_reach=1, depth=3"
100000005127767100,terminal,0.7656138790035587,90,0.4237076686851432,"depth=3, in_deg=1, out_deg=0, retention=1.00"
100000004066647100,terminal,0.8326401245551601,13,0.4318326791923682,"depth=3, in_deg=1, out_deg=0, retention=1.00"
100000002394199100,peripheral,0.549999,3,0.5563606164961938,"in_deg=1, out_deg=1, seed_reach=1, depth=3"
100000003968044100,distributor,0.8923265124555162,49,0.7020521066800853,"out_deg=3, out=311,000 KZT, out_tx=4, cross_out=1"
100000001808684100,transit,0.5510412970800957,3,0.5121050805432755,"in_deg=1, out_deg=1, pass=0.78, relay_2d=0.33"
100000008097580100,terminal,0.8922931494661922,49,0.5614747253694135,"depth=3, in_deg=2, out_deg=0, retention=1.00"
100000008687617100,terminal,0.8635120106761566,11,0.4384223776268925,"depth=3, in_deg=1, out_deg=0, retention=1.00"
100000005667841100,terminal,0.9333296263345195,4,0.5972988342673303,"depth=3, in_deg=2, out_deg=0, retention=1.00"
100000001329153100,terminal,0.865669483985765,8,0.5387617506510827,"depth=3, in_deg=1, out_deg=0, retention=1.00"
100000007689942100,distributor,0.7749629300118623,13,0.5711182705326869,"out_deg=2, out=25,000 KZT, out_tx=2, cross_out=0"
100000006476758100,terminal,0.7618104982206405,12,0.5016922994251909,"depth=3, in_deg=1, out_deg=0, retention=1.00"
100000002184107100,terminal,0.7642126334519572,69,0.3682304850768391,"depth=3, in_deg=1, out_deg=0, retention=1.00"
100000008663723100,terminal,0.7845974199288256,11,0.3735387498384608,"depth=3, in_deg=1, out_deg=0, retention=1.00"
100000000254336100,transit,0.8097511958541587,8,0.6775474726250099,"in_deg=2, out_deg=1, pass=0.62, relay_2d=1.00"
100000008750464100,terminal,0.7679159252669039,11,0.35763061057261614,"depth=3, in_deg=1, out_deg=0, retention=1.00"
100000001530709100,terminal,0.8348420818505338,8,0.4905154491467604,"depth=3, in_deg=1, out_deg=0, retention=1.00"
100000000656682100,distributor,0.7971159549228943,8,0.6085377319918207,"out_deg=2, out=80,000 KZT, out_tx=3, cross_out=0"
100000008755754100,terminal,0.7656138790035587,50,0.3833829355890578,"depth=3, in_deg=1, out_deg=0, retention=1.00"
100000002691583100,terminal,0.8827513345195729,57,0.5170137213370207,"depth=3, in_deg=1, out_deg=0, retention=1.00"
100000005241556100,terminal,0.8537922597864768,52,0.5095760367272798,"depth=3, in_deg=1, out_deg=0, retention=1.00"
100000004713684100,terminal,0.8191948398576512,8,0.47410553692794494,"depth=3, in_deg=1, out_deg=0, retention=1.00"
100000006919124100,terminal,0.8037811387900355,8,0.459626248739281,"depth=3, in_deg=1, out_deg=0, retention=1.00"
100000003006633100,terminal,0.7721863879003559,69,0.3822517408455558,"depth=3, in_deg=1, out_deg=0, retention=1.00"
100000008306857100,terminal,0.8600311387900356,50,0.5273996127175606,"depth=3, in_deg=1, out_deg=0, retention=1.00"
100000003671721100,terminal,0.7596752669039145,55,0.4334662835813228,"depth=3, in_deg=1, out_deg=0, retention=1.00"
100000002613929100,terminal,0.809419483985765,9,0.4773752158469278,"depth=3, in_deg=1, out_deg=0, retention=1.00"
100000008669310100,terminal,0.8773242882562277,8,0.5136096230130961,"depth=3, in_deg=1, out_deg=0, retention=1.00"
100000006573438100,terminal,0.7596752669039145,70,0.38364421952438327,"depth=3, in_deg=1, out_deg=0, retention=1.00"
100000006165886100,consolidator,0.7480242324668411,8,0.676170904404416,"in_deg=2, in=184,481 KZT, seed_reach=2, retention=0.59"
100000008491390100,terminal,0.8181939501779358,8,0.4730074624797325,"depth=3, in_deg=1, out_deg=0, retention=1.00"
100000005186131100,transit,0.8384675266903916,8,0.6032259401338121,"in_deg=1, out_deg=1, pass=1.00, relay_2d=1.00"
100000001550419100,terminal,0.7990435943060498,51,0.40019692232747384,"depth=3, in_deg=1, out_deg=0, retention=1.00"
100000004979283100,terminal,0.8218305160142348,55,0.43348036167630577,"depth=3, in_deg=1, out_deg=0, retention=1.00"
100000002537811100,coordinator,0.7734319395017795,12,0.7217335837431295,"seed_reach=4, betweenness=87p, PageRank=97p, bridges=0"
100000002990675100,terminal,0.8328403024911032,48,0.5181738177135936,"depth=3, in_deg=1, out_deg=0, retention=1.00"
100000008763688100,terminal,0.7968082740213522,11,0.38768133398418103,"depth=3, in_deg=1, out_deg=0, retention=1.00"
100000002809896100,terminal,0.8195951957295373,55,0.43078261796474054,"depth=3, in_deg=1, out_deg=0, retention=1.00"
100000008716072100,terminal,0.777057384341637,11,0.36607949766408543,"depth=3, in_deg=1, out_deg=0, retention=1.00"
100000001279272100,distributor,0.8432013641755635,8,0.7057177002831992,"out_deg=2, out=136,758 KZT, out_tx=2, cross_out=1"
100000001714173100,terminal,0.9569506227758006,52,0.6889289443797411,"depth=3, in_deg=1, out_deg=0, retention=1.00"
100000008729597100,terminal,0.8470529359430604,49,0.4590462792348752,"depth=3, in_deg=1, out_deg=0, retention=1.00"
100000002255058100,terminal,0.93350756227758,2,0.5560736260946428,"depth=3, in_deg=1, out_deg=0, retention=1.00"
100000006111442100,terminal,0.8393460854092526,4,0.44145028287563437,"depth=3, in_deg=1, out_deg=0, retention=1.00"
100000008686247100,peripheral,0.549999,10,0.4034464885819858,"in_deg=1, out_deg=1, seed_reach=1, depth=3"
100000001893287100,peripheral,0.549999,3,0.53232058860097,"in_deg=1, out_deg=1, seed_reach=1, depth=3"
100000005172860100,terminal,0.7837967081850533,8,0.3875509487794279,"depth=3, in_deg=1, out_deg=0, retention=1.00"
100000001788284100,distributor,0.8768609134045078,73,0.6467028899469778,"out_deg=5, out=296,700 KZT, out_tx=8, cross_out=0"
100000008755580100,terminal,0.7854982206405694,11,0.3747198739457574,"depth=3, in_deg=1, out_deg=0, retention=1.00"
100000003896956100,peripheral,0.549999,1,0.5544184170021395,"in_deg=1, out_deg=1, seed_reach=2, depth=3"
100000002475601100,terminal,0.8774799822064057,49,0.4887011862622857,"depth=3, in_deg=1, out_deg=0, retention=1.00"
100000008619857100,distributor,0.8166444246737841,8,0.5955957270729377,"out_deg=2, out=13,000 KZT, out_tx=2, cross_out=1"
100000001373265100,terminal,0.6813219662297607,49,0.5317165439249034,"depth=3, in_deg=1, out_deg=1, retention=0.96"
100000004185681100,terminal,0.7721863879003559,2,0.4381236269665522,"depth=3, in_deg=1, out_deg=0, retention=1.00"
100000003031633100,terminal,0.9302046263345195,9,0.6050015600157066,"depth=3, in_deg=1, out_deg=0, retention=1.00"
100000002632742100,terminal,0.9402024021352313,4,0.6882376608056089,"depth=3, in_deg=2, out_deg=0, retention=1.00"
100000005847078100,terminal,0.7858985765124554,11,0.3754092050483953,"depth=3, in_deg=1, out_deg=0, retention=1.00"
100000002807334100,terminal,0.8351757117437721,48,0.5211365186209491,"depth=3, in_deg=1, out_deg=0, retention=1.00"
100000008748795100,terminal,0.8271018683274021,8,0.48185178274178375,"depth=3, in_deg=1, out_deg=0, retention=1.00"
100000003899899100,consolidator,0.8264509210322728,1,0.7226307704769573,"in_deg=2, in=218,500 KZT, seed_reach=2, retention=0.95"
100000002308091100,terminal,0.8710742882562277,50,0.5281971520520603,"depth=3, in_deg=1, out_deg=0, retention=1.00"
100000008680912100,peripheral,0.549999,8,0.473205161938725,"in_deg=1, out_deg=1, seed_reach=1, depth=3"
100000008742053100,distributor,0.9693761976457707,50,0.7388890509331552,"out_deg=12, out=2,789,000 KZT, out_tx=12, cross_out=3"
100000008473765100,terminal,0.8116214412811388,49,0.4089624784186507,"depth=3, in_deg=1, out_deg=0, retention=1.00"
100000007472293100,distributor,0.8401023131672598,76,0.7089000024425327,"out_deg=3, out=345,900 KZT, out_tx=3, cross_out=0"
100000008753061100,terminal,0.8492326512455516,11,0.4200553647236508,"depth=3, in_deg=1, out_deg=0, retention=1.00"
100000008501413100,transit,0.7920084519572954,79,0.6512915727272304,"in_deg=1, out_deg=1, pass=1.02, relay_2d=1.00"
100000002748581100,terminal,0.8225645017793594,51,0.42915190268524284,"depth=3, in_deg=1, out_deg=0, retention=1.00"
100000001384826100,terminal,0.7449338820644126,48,0.6581859019894185,"depth=3, in_deg=1, out_deg=1, retention=0.97"
100000004099450100,terminal,0.8135231316725978,8,0.4204573051192294,"depth=3, in_deg=1, out_deg=0, retention=1.00"
100000002926970100,terminal,0.8477201957295373,55,0.47109140908975833,"depth=3, in_deg=1, out_deg=0, retention=1.00"
100000002753146100,terminal,0.9504114768683274,50,0.6231371447002524,"depth=3, in_deg=1, out_deg=0, retention=1.00"
100000003943247100,terminal,0.8212299822064056,8,0.4759594687797294,"depth=3, in_deg=1, out_deg=0, retention=1.00"
100000002872399100,terminal,0.9638011565836299,3,0.5902930536145502,"depth=3, in_deg=1, out_deg=0, retention=1.00"
100000008417359100,distributor,0.8010750296559905,54,0.4991884217271193,"out_deg=2, out=110,760 KZT, out_tx=3, cross_out=0"
100000002614095100,terminal,0.7621774911032028,11,0.3521005860171057,"depth=3, in_deg=1, out_deg=0, retention=1.00"
100000004717647100,distributor,0.8950548635824437,61,0.738891387435076,"out_deg=5, out=2,240,000 KZT, out_tx=10, cross_out=0"
100000008537380100,terminal,0.7671819395017793,11,0.35673866248553043,"depth=3, in_deg=1, out_deg=0, retention=1.00"
100000001534244100,consolidator,0.7990705763957763,9,0.6885362175945648,"in_deg=2, in=366,000 KZT, seed_reach=2, retention=0.88"
100000008767950100,terminal,0.7880004448398576,11,0.37795371914173687,"depth=3, in_deg=1, out_deg=0, retention=1.00"
100000004613582100,peripheral,0.549999,3,0.4732180353606822,"in_deg=1, out_deg=1, seed_reach=1, depth=3"
100000008121806100,distributor,0.912673487544484,49,0.7166310372653633,"out_deg=4, out=248,509 KZT, out_tx=6, cross_out=2"
100000002369443100,terminal,0.8307050711743772,11,0.42806497641446467,"depth=3, in_deg=1, out_deg=0, retention=1.00"
100000008655779100,distributor,0.7743401542111507,66,0.570602443470653,"out_deg=2, out=24,704 KZT, out_tx=2, cross_out=0"
100000008561016100,transit,0.8416654310003955,9,0.6333017742437094,"in_deg=1, out_deg=1, pass=1.03, relay_2d=1.00"
100000002727288100,terminal,0.7854982206405694,5,0.5417349985009176,"depth=3, in_deg=1, out_deg=0, retention=1.00"
100000001270349100,terminal,0.873776690391459,58,0.5078699330687368,"depth=3, in_deg=1, out_deg=0, retention=1.00"
100000004722765100,distributor,0.8710631672597866,62,0.71435218278513,"out_deg=3, out=2,284,500 KZT, out_tx=9, cross_out=0"
100000001677389100,peripheral,0.549999,54,0.4110300048762363,"in_deg=1, out_deg=1, seed_reach=1, depth=3"
100000005857058100,terminal,0.9230427046263345,8,0.6764531363127166,"depth=3, in_deg=3, out_deg=0, retention=1.00"
100000008760098100,peripheral,0.549999,52,0.5767656927064956,"in_deg=1, out_deg=1, seed_reach=3, depth=3"
100000002838519100,terminal,0.8265680604982206,51,0.43409260299105323,"depth=3, in_deg=1, out_deg=0, retention=1.00"
100000002597623100,terminal,0.7860653914590747,8,0.4449217476767776,"depth=3, in_deg=1, out_deg=0, retention=1.00"
100000003635660100,terminal,0.7911365658362989,8,0.4638803038886062,"depth=3, in_deg=1, out_deg=0, retention=1.00"
100000008676812100,terminal,0.8772130782918149,13,0.5234121669148032,"depth=3, in_deg=1, out_deg=0, retention=1.00"
100000003213473100,distributor,0.9495180901542113,8,0.7742307725880365,"out_deg=11, out=240,000 KZT, out_tx=12, cross_out=3"
100000003071649100,terminal,0.8715413701067615,9,0.47304329639938175,"depth=3, in_deg=1, out_deg=0, retention=1.00"
100000002433697100,transit,0.800005988228853,48,0.6955930079319969,"in_deg=1, out_deg=1, pass=0.85, relay_2d=1.00"
100000008612257100,terminal,0.7693171708185053,54,0.36140431765843717,"depth=3, in_deg=1, out_deg=0, retention=1.00"
100000002736033100,peripheral,0.549999,54,0.45181561826770567,"in_deg=1, out_deg=1, seed_reach=1, depth=3"
100000008687990100,terminal,0.7890013345195729,11,0.37879930576156584,"depth=3, in_deg=1, out_deg=0, retention=1.00"
100000008776310100,terminal,0.7916703736654804,11,0.3818731979269718,"depth=3, in_deg=1, out_deg=0, retention=1.00"
100000007267915100,consolidator,0.5893693865446535,54,0.4649956927793006,"in_deg=2, in=21,000 KZT, seed_reach=1, retention=0.52"
100000004217419100,consolidator,0.7875025215118835,49,0.7815631102454887,"in_deg=2, in=118,200 KZT, seed_reach=2, retention=0.93"
100000002773323100,consolidator,0.7395685053380784,4,0.7155995944808501,"in_deg=2, in=285,000 KZT, seed_reach=3, retention=0.00"
100000002528544100,terminal,0.8722086298932383,49,0.4797321969565965,"depth=3, in_deg=1, out_deg=0, retention=1.00"
100000003760160100,terminal,0.8557273131672597,48,0.548847722364649,"depth=3, in_deg=1, out_deg=0, retention=1.00"
100000000640800100,distributor,0.9187677935943062,49,0.7211201126805623,"out_deg=4, out=518,135 KZT, out_tx=6, cross_out=1"
100000008238112100,terminal,0.8716748220640569,48,0.5742595556567494,"depth=3, in_deg=1, out_deg=0, retention=1.00"
100000008751349100,terminal,0.7761232206405694,57,0.3693732500246611,"depth=3, in_deg=1, out_deg=0, retention=1.00"
100000002963189100,distributor,0.9601201067615659,51,0.7307845800237665,"out_deg=7, out=5,219,000 KZT, out_tx=15, cross_out=1"
100000008548853100,terminal,0.7801601423487544,11,0.369342978123754,"depth=3, in_deg=1, out_deg=0, retention=1.00"
100000003164661100,terminal,0.9475422597864768,20,0.5778484266852848,"depth=3, in_deg=1, out_deg=0, retention=1.00"
100000000791285100,distributor,0.8457072953736655,57,0.7115309419104423,"out_deg=3, out=650,000 KZT, out_tx=3, cross_out=0"
100000003192309100,peripheral,0.549999,11,0.45915045428887835,"in_deg=1, out_deg=1, seed_reach=1, depth=3"
100000002891765100,terminal,0.8360431494661921,51,0.4466044155448576,"depth=3, in_deg=1, out_deg=0, retention=1.00"
100000001740277100,transit,0.5935335879658036,3,0.45724591814274196,"in_deg=1, out_deg=1, pass=0.57, relay_2d=1.00"
100000002232266100,terminal,0.8249332740213523,49,0.4267888536942542,"depth=3, in_deg=1, out_deg=0, retention=1.00"
100000006701983100,terminal,0.8080849644128113,11,0.4002434650676649,"depth=3, in_deg=1, out_deg=0, retention=1.00"
100000002871199100,terminal,0.7993438612099644,51,0.4007197216955853,"depth=3, in_deg=1, out_deg=0, retention=1.00"
100000002757791100,terminal,0.8432829181494661,58,0.46216026753237555,"depth=3, in_deg=1, out_deg=0, retention=1.00"
100000000572276100,peripheral,0.549999,11,0.42545668833451233,"in_deg=1, out_deg=1, seed_reach=1, depth=3"
100000001853812100,terminal,0.8419483985765124,49,0.45068960465336877,"depth=3, in_deg=1, out_deg=0, retention=1.00"
100000004726132100,peripheral,0.549999,8,0.5178150327300739,"in_deg=1, out_deg=1, seed_reach=1, depth=3"
100000001785161100,terminal,0.8739435053380783,53,0.47679684971165187,"depth=3, in_deg=2, out_deg=0, retention=1.00"
100000002612809100,distributor,0.834052491103203,85,0.6171095350615926,"out_deg=3, out=114,000 KZT, out_tx=4, cross_out=0"
100000008769097100,terminal,0.8137900355871885,11,0.4067683241588544,"depth=3, in_deg=1, out_deg=0, retention=1.00"
100000004488265100,terminal,0.8198287366548043,49,0.420089070556623,"depth=3, in_deg=1, out_deg=0, retention=1.00"
100000002509598100,terminal,0.8845529359430604,50,0.5674553633761334,"depth=3, in_deg=1, out_deg=0, retention=1.00"
100000008706846100,terminal,0.7807606761565836,11,0.36989250788810585,"depth=3, in_deg=1, out_deg=0, retention=1.00"
100000001280798100,terminal,0.8010787366548042,55,0.40740799763336955,"depth=3, in_deg=1, out_deg=0, retention=1.00"
100000006664478100,distributor,0.7859949584816133,58,0.623608540729041,"out_deg=2, out=60,000 KZT, out_tx=2, cross_out=0"
100000003781406100,terminal,0.8649466192170818,14,0.5814244557108615,"depth=3, in_deg=1, out_deg=0, retention=1.00"
100000008708595100,terminal,0.7877335409252668,11,0.37743640268745476,"depth=3, in_deg=1, out_deg=0, retention=1.00"
100000004611571100,terminal,0.7986098754448399,8,0.45518433123210533,"depth=3, in_deg=1, out_deg=0, retention=1.00"
100000008576243100,terminal,0.9246552491103203,8,0.660810186823851,"depth=3, in_deg=2, out_deg=0, retention=1.00"
100000008662216100,terminal,0.8069839857651245,11,0.3988045637287435,"depth=3, in_deg=1, out_deg=0, retention=1.00"
100000002681544100,terminal,0.9303269572953736,3,0.5761676791768757,"depth=3, in_deg=2, out_deg=0, retention=1.00"
100000007864477100,distributor,0.9217304270462634,8,0.7738832251726475,"out_deg=6, out=203,500 KZT, out_tx=10, cross_out=2"
100000004746397100,terminal,0.6984183868005769,48,0.6980394609537086,"depth=3, in_deg=1, out_deg=1, retention=0.97"
100000003814002100,terminal,0.8116214412811388,48,0.49970980937950477,"depth=3, in_deg=1, out_deg=0, retention=1.00"
100000003962994100,terminal,0.7721863879003559,90,0.43238519280285115,"depth=3, in_deg=1, out_deg=0, retention=1.00"
100000003366471100,consolidator,0.8377300003310648,49,0.7878483786700832,"in_deg=2, in=329,789 KZT, seed_reach=2, retention=0.94"
100000003561031100,peripheral,0.549999,49,0.4117067486647971,"in_deg=1, out_deg=1, seed_reach=1, depth=3"
100000001690439100,terminal,0.7807606761565836,48,0.4386202658952233,"depth=3, in_deg=1, out_deg=0, retention=1.00"
100000002954780100,terminal,0.8614657473309608,9,0.45673967347186,"depth=3, in_deg=1, out_deg=0, retention=1.00"
100000008720668100,terminal,0.7854982206405694,11,0.3747198739457574,"depth=3, in_deg=1, out_deg=0, retention=1.00"
100000002459164100,terminal,0.7939724199288256,8,0.45656242015695553,"depth=3, in_deg=1, out_deg=0, retention=1.00"
100000005082652100,terminal,0.8116214412811388,3,0.4580283147175831,"depth=3, in_deg=1, out_deg=0, retention=1.00"
100000005041905100,peripheral,0.549999,11,0.4146771100937783,"in_deg=1, out_deg=1, seed_reach=1, depth=3"
100000008653041100,terminal,0.8088189501779359,11,0.4010588447375925,"depth=3, in_deg=1, out_deg=0, retention=1.00"
100000008722417100,distributor,0.8589190391459076,48,0.7611723031783687,"out_deg=3, out=720,000 KZT, out_tx=6, cross_out=0"
100000008625905100,distributor,0.810905990510083,74,0.7671801958847732,"out_deg=2, out=635,000 KZT, out_tx=2, cross_out=0"
100000007487729100,terminal,0.8037811387900355,8,0.4088255369955087,"depth=3, in_deg=1, out_deg=0, retention=1.00"
100000000838385100,distributor,0.8181568801897984,66,0.7044871713341786,"out_deg=2, out=177,500 KZT, out_tx=6, cross_out=0"
100000004750321100,terminal,0.8943616548042704,55,0.6390015569753515,"depth=3, in_deg=2, out_deg=0, retention=1.00"
100000008664774100,terminal,0.7858985765124554,11,0.3754092050483953,"depth=3, in_deg=1, out_deg=0, retention=1.00"
100000006274203100,consolidator,0.9392410689476299,13,0.8802963285154194,"in_deg=2, in=3,417,512 KZT, seed_reach=4, retention=0.98"
100000002185328100,distributor,0.8393638790035587,78,0.5845848705472173,"out_deg=4, out=55,000 KZT, out_tx=4, cross_out=0"
100000008254576100,peripheral,0.549999,69,0.46003856817948063,"in_deg=1, out_deg=1, seed_reach=1, depth=3"
100000001689968100,terminal,0.9633451957295374,48,0.714071781426307,"depth=3, in_deg=3, out_deg=0, retention=1.00"
100000002236528100,terminal,0.8404470640569395,3,0.4566580887763678,"depth=3, in_deg=1, out_deg=0, retention=1.00"
100000002670960100,terminal,0.8930271352313167,50,0.5850642974184062,"depth=3, in_deg=1, out_deg=0, retention=1.00"
100000003557488100,distributor,0.8085928232502966,56,0.6837249868431822,"out_deg=2, out=138,000 KZT, out_tx=4, cross_out=0"
100000003888197100,terminal,0.8471196619217082,48,0.5364678889410626,"depth=3, in_deg=1, out_deg=0, retention=1.00"
100000002799941100,terminal,0.8970640569395018,13,0.5375278076925823,"depth=3, in_deg=1, out_deg=0, retention=1.00"
100000001632325100,terminal,0.8986321174377224,11,0.47600348706960216,"depth=3, in_deg=1, out_deg=0, retention=1.00"
100000008620570100,coordinator,0.8551935053380783,49,0.824146195551428,"seed_reach=4, betweenness=88p, PageRank=62p, bridges=2"
100000005308954100,peripheral,0.549999,1,0.5081006432701103,"in_deg=1, out_deg=1, seed_reach=1, depth=3"
100000008468762100,terminal,0.9311610320284697,52,0.6397384910460697,"depth=3, in_deg=2, out_deg=0, retention=1.00"
100000002305007100,terminal,0.8363100533807829,11,0.43571869009827946,"depth=3, in_deg=1, out_deg=0, retention=1.00"
100000008314863100,terminal,0.7766570284697508,2,0.5124773539692071,"depth=3, in_deg=1, out_deg=0, retention=1.00"
100000005709551100,terminal,0.8024132562277579,6,0.5182486793227903,"depth=3, in_deg=1, out_deg=0, retention=1.00"
100000008297199100,terminal,0.8230983096085409,8,0.5029272218402417,"depth=3, in_deg=1, out_deg=0, retention=1.00"
100000003271151100,terminal,0.8604648576512455,49,0.47979252296932134,"depth=3, in_deg=1, out_deg=0, retention=1.00"
100000007005380100,terminal,0.76918371886121,48,0.39563690002377644,"depth=3, in_deg=1, out_deg=0, retention=1.00"
100000004451012100,distributor,0.8214190391459075,13,0.5707350133779497,"out_deg=3, out=65,740 KZT, out_tx=3, cross_out=0"
100000004779204100,transit,0.727671139169866,8,0.5999843362611208,"in_deg=1, out_deg=1, pass=0.66, relay_2d=1.00"
100000002793881100,terminal,0.9763567615658363,9,0.705645780969918,"depth=3, in_deg=3, out_deg=0, retention=1.00"
100000008671129100,terminal,0.8069839857651245,11,0.3988045637287435,"depth=3, in_deg=1, out_deg=0, retention=1.00"
100000002095257100,terminal,0.7679159252669039,14,0.49739929384663756,"depth=3, in_deg=1, out_deg=0, retention=1.00"
100000002194329100,terminal,0.8049488434163701,8,0.46059017447600265,"depth=3, in_deg=1, out_deg=0, retention=1.00"
100000001884825100,terminal,0.9706183274021353,9,0.6711552697825237,"depth=3, in_deg=3, out_deg=0, retention=1.00"
100000008692291100,coordinator,0.8270017793594306,4,0.7958906404822568,"seed_reach=3, betweenness=92p, PageRank=46p, bridges=2"
100000002697752100,terminal,0.9341303380782917,49,0.652164783284273,"depth=3, in_deg=2, out_deg=0, retention=1.00"
100000007170072100,distributor,0.8172672004744957,49,0.6259229747462597,"out_deg=2, out=99,500 KZT, out_tx=9, cross_out=0"
100000002373144100,peripheral,0.549999,8,0.4427984960595438,"in_deg=1, out_deg=1, seed_reach=1, depth=3"
100000000287768100,terminal,0.8174933274021352,8,0.40278801142253484,"depth=3, in_deg=1, out_deg=0, retention=1.00"
100000004508696100,distributor,0.8338745551601423,90,0.6506594035605882,"out_deg=3, out=111,000 KZT, out_tx=4, cross_out=0"
100000008688109100,terminal,0.7782584519572954,11,0.367407495785886,"depth=3, in_deg=1, out_deg=0, retention=1.00"
100000008724461100,transit,0.7739702254563272,9,0.5886224582443473,"in_deg=1, out_deg=1, pass=1.30, relay_2d=1.00"
100000001714413100,terminal,0.87994884341637,48,0.5871029649580641,"depth=3, in_deg=1, out_deg=0, retention=1.00"
100000008672493100,terminal,0.7801601423487544,11,0.369342978123754,"depth=3, in_deg=1, out_deg=0, retention=1.00"
100000003241965100,terminal,0.7825289145907472,55,0.38469997286038454,"depth=3, in_deg=1, out_deg=0, retention=1.00"
100000002241986100,distributor,0.9038859938993392,60,0.7746886600204967,"out_deg=6, out=3,077,000 KZT, out_tx=12, cross_out=0"
100000004140994100,terminal,0.7910031138790035,11,0.38100940904786873,"depth=3, in_deg=1, out_deg=0, retention=1.00"
100000008489922100,distributor,0.9866137421297564,9,0.9390799574113091,"out_deg=36, out=3,789,900 KZT, out_tx=41, cross_out=9"
100000001252290100,terminal,0.6791436282230975,48,0.6066858735692743,"depth=3, in_deg=1, out_deg=1, retention=0.96"
100000008667799100,terminal,0.8159586298932384,11,0.4100408902834768,"depth=3, in_deg=1, out_deg=0, retention=1.00"
100000008684951100,terminal,0.7877335409252668,11,0.37743640268745476,"depth=3, in_deg=1, out_deg=0, retention=1.00"
100000006126743100,terminal,0.8355760676156583,48,0.5215279876448179,"depth=3, in_deg=1, out_deg=0, retention=1.00"
100000003009900100,terminal,0.7851979537366548,55,0.3883016149452183,"depth=3, in_deg=1, out_deg=0, retention=1.00"
100000001745217100,terminal,0.8307050711743772,8,0.41858988744649317,"depth=3, in_deg=1, out_deg=0, retention=1.00"
100000002886166100,terminal,0.9215524911032028,15,0.5187307293312426,"depth=3, in_deg=1, out_deg=0, retention=1.00"
100000002956779100,terminal,0.8900911921708184,2,0.5319398135913788,"depth=3, in_deg=1, out_deg=0, retention=1.00"
100000008568512100,terminal,0.873142793594306,48,0.5764587722485496,"depth=3, in_deg=1, out_deg=0, retention=1.00"
100000008583360100,peripheral,0.549999,55,0.5164594479335268,"in_deg=1, out_deg=1, seed_reach=1, depth=3"
100000001130176100,terminal,0.8437944839857651,8,0.5941550891900521,"depth=3, in_deg=1, out_deg=0, retention=1.00"
100000001145749100,terminal,0.7721863879003559,2,0.5065399970733139,"depth=3, in_deg=1, out_deg=0, retention=1.00"
100000005367445100,transit,0.6998554270462634,4,0.5118832097379064,"in_deg=1, out_deg=1, pass=1.00, relay_2d=1.00"
100000003917461100,distributor,0.8125963819691577,14,0.7151522820673827,"out_deg=2, out=140,000 KZT, out_tx=5, cross_out=0"
100000008200810100,terminal,0.8926267793594306,50,0.5847096592627745,"depth=3, in_deg=1, out_deg=0, retention=1.00"
100000002554175100,terminal,0.8024799822064056,55,0.409184333340709,"depth=3, in_deg=1, out_deg=0, retention=1.00"
100000008751380100,terminal,0.9488100533807828,9,0.7152689604793545,"depth=3, in_deg=2, out_deg=0, retention=1.00"
100000004071444100,peripheral,0.549999,8,0.5094940797576083,"in_deg=1, out_deg=1, seed_reach=1, depth=3"
100000001141268100,consolidator,0.8511862396204034,52,0.7951847582874697,"in_deg=2, in=480,000 KZT, seed_reach=3, retention=0.98"
100000002645993100,distributor,0.9045024148449416,8,0.7667913806981868,"out_deg=5, out=86,980 KZT, out_tx=9, cross_out=3"
100000002546921100,terminal,0.7939724199288256,51,0.39392896819966017,"depth=3, in_deg=1, out_deg=0, retention=1.00"
100000008753897100,terminal,0.8020462633451957,11,0.39358774411243025,"depth=3, in_deg=1, out_deg=0, retention=1.00"
100000000870121100,terminal,0.7766570284697508,6,0.48547557460977653,"depth=3, in_deg=1, out_deg=0, retention=1.00"
100000003171006100,terminal,0.9555493772241992,9,0.6653683406934912,"depth=3, in_deg=2, out_deg=0, retention=1.00"
100000001690558100,terminal,0.8989657473309608,13,0.5426318328013554,"depth=3, in_deg=1, out_deg=0, retention=1.00"
100000008667795100,terminal,0.8159586298932384,11,0.4100408902834768,"depth=3, in_deg=1, out_deg=0, retention=1.00"
100000005674387100,terminal,0.8069839857651245,11,0.3988045637287435,"depth=3, in_deg=1, out_deg=0, retention=1.00"
100000003636627100,peripheral,0.549999,3,0.47650766856203014,"in_deg=1, out_deg=1, seed_reach=1, depth=3"
100000001275752100,terminal,0.8658029359430605,9,0.46309315774238774,"depth=3, in_deg=1, out_deg=0, retention=1.00"
100000002459240100,terminal,0.8650689501779358,48,0.5634253380740999,"depth=3, in_deg=1, out_deg=0, retention=1.00"
100000002644285100,terminal,0.8941614768683274,50,0.5870290494208315,"depth=3, in_deg=1, out_deg=0, retention=1.00"
100000005186109100,terminal,0.7596752669039145,5,0.5451655718375505,"depth=3, in_deg=1, out_deg=0, retention=1.00"
100000005317181100,peripheral,0.549999,8,0.5791183443129301,"in_deg=1, out_deg=1, seed_reach=2, depth=3"
100000003001661100,distributor,0.8814872479240807,66,0.6545882344713976,"out_deg=5, out=439,500 KZT, out_tx=8, cross_out=0"
100000000288317100,distributor,0.80375,49,0.6635764444971494,"out_deg=3, out=53,500 KZT, out_tx=3, cross_out=0"
100000004368189100,distributor,0.7762974495848161,50,0.686166443569459,"out_deg=2, out=28,200 KZT, out_tx=2, cross_out=0"
100000004493586100,terminal,0.7663145017793593,8,0.36304381732569224,"depth=3, in_deg=1, out_deg=0, retention=1.00"
100000004114962100,terminal,0.9300934163701067,48,0.7174016591118761,"depth=3, in_deg=2, out_deg=0, retention=1.00"
100000008088082100,peripheral,0.549999,6,0.5832847697635114,"in_deg=1, out_deg=1, seed_reach=3, depth=3"
100000008595687100,transit,0.6095372824432944,1,0.6376477226296997,"in_deg=1, out_deg=1, pass=0.16, relay_2d=1.00"
100000001248999100,terminal,0.7996774911032027,54,0.39148114514354865,"depth=3, in_deg=1, out_deg=0, retention=1.00"
100000002736316100,terminal,0.9580071174377224,8,0.7165821871821244,"depth=3, in_deg=3, out_deg=0, retention=1.00"
100000008596924100,terminal,0.8537922597864768,3,0.49676464882692395,"depth=3, in_deg=1, out_deg=0, retention=1.00"
100000008598972100,terminal,0.8594639679715301,49,0.45879848536500084,"depth=3, in_deg=1, out_deg=0, retention=1.00"
100000002769809100,terminal,0.8582629003558718,13,0.4966065219135479,"depth=3, in_deg=1, out_deg=0, retention=1.00"
100000003089553100,terminal,0.8650689501779358,4,0.5901602135189398,"depth=3, in_deg=1, out_deg=0, retention=1.00"
100000002343825100,consolidator,0.873898017285206,4,0.8205566768528157,"in_deg=3, in=350,000 KZT, seed_reach=3, retention=0.74"
100000002015633100,terminal,0.8515235765124555,48,0.543238440363124,"depth=3, in_deg=1, out_deg=0, retention=1.00"
100000002906470100,terminal,0.8609319395017793,13,0.47770616834809315,"depth=3, in_deg=1, out_deg=0, retention=1.00"
100000005628518100,terminal,0.8959630782918149,13,0.5180031365335603,"depth=3, in_deg=1, out_deg=0, retention=1.00"
100000002958139100,terminal,0.9150911921708185,9,0.5765332571098448,"depth=3, in_deg=1, out_deg=0, retention=1.00"
100000008754747100,terminal,0.8255671708185053,11,0.4226466123850166,"depth=3, in_deg=1, out_deg=0, retention=1.00"
100000008776720100,terminal,0.806450177935943,11,0.39809794562242395,"depth=3, in_deg=1, out_deg=0, retention=1.00"
100000008576528100,terminal,0.8088189501779359,48,0.49705528601873133,"depth=3, in_deg=1, out_deg=0, retention=1.00"
100000004603109100,consolidator,0.8859707611486973,10,0.8000818147452722,"in_deg=3, in=2,730,000 KZT, seed_reach=2, retention=0.85"
100000008721637100,distributor,0.7948917556346382,3,0.6398872370094171,"out_deg=2, out=127,000 KZT, out_tx=2, cross_out=0"
100000004491749100,terminal,0.8307050711743772,3,0.46418597285574587,"depth=3, in_deg=1, out_deg=0, retention=1.00"
100000005171642100,transit,0.7655290797865237,58,0.6881023793428455,"in_deg=2, out_deg=1, pass=0.98, relay_2d=0.40"
100000008682426100,terminal,0.7939724199288256,51,0.39392896819966017,"depth=3, in_deg=1, out_deg=0, retention=1.00"
100000006209210100,terminal,0.8769461743772241,3,0.5122144628905106,"depth=3, in_deg=1, out_deg=0, retention=1.00"
100000003888527100,terminal,0.8116214412811388,70,0.45273472041153323,"depth=3, in_deg=1, out_deg=0, retention=1.00"
100000008490127100,distributor,0.8945888408744281,48,0.7391645980032489,"out_deg=6, out=923,000 KZT, out_tx=9, cross_out=0"
100000004336228100,terminal,0.872987099644128,49,0.4538744748876754,"depth=3, in_deg=1, out_deg=0, retention=1.00"
100000006844004100,terminal,0.7963411921708184,8,0.4587812533206287,"depth=3, in_deg=1, out_deg=0, retention=1.00"
100000001688676100,terminal,0.8615324733096085,13,0.47860248289313795,"depth=3, in_deg=1, out_deg=0, retention=1.00"
100000008712036100,terminal,0.7968082740213522,11,0.38768133398418103,"depth=3, in_deg=1, out_deg=0, retention=1.00"
100000004697956100,peripheral,0.549999,3,0.4134041821266946,"in_deg=1, out_deg=1, seed_reach=1, depth=3"
100000004921657100,peripheral,0.549999,2,0.5387218859563861,"in_deg=1, out_deg=1, seed_reach=2, depth=3"
100000000408846100,terminal,0.8220640569395017,57,0.4263611716565831,"depth=3, in_deg=1, out_deg=0, retention=1.00"
100000003406094100,distributor,0.8165702846975089,1,0.7079386408336772,"out_deg=3, out=47,000 KZT, out_tx=3, cross_out=0"
100000008695566100,terminal,0.8155582740213523,11,0.40957092622075947,"depth=3, in_deg=1, out_deg=0, retention=1.00"
100000005974542100,terminal,0.9018016014234875,59,0.5941324865526321,"depth=3, in_deg=1, out_deg=0, retention=1.00"
100000001887715100,consolidator,0.8293931903253096,52,0.793120307641057,"in_deg=3, in=1,331,500 KZT, seed_reach=2, retention=0.44"
100000002472632100,consolidator,0.7632566527642407,73,0.6424038239116869,"in_deg=2, in=502,400 KZT, seed_reach=1, retention=0.96"
100000004629688100,peripheral,0.549999,5,0.5168568253962694,"in_deg=1, out_deg=1, seed_reach=3, depth=3"
100000002459832100,terminal,0.9627557829181494,49,0.6493425775360147,"depth=3, in_deg=2, out_deg=0, retention=1.00"
100000006100920100,terminal,0.8537922597864768,8,0.481417673737956,"depth=3, in_deg=1, out_deg=0, retention=1.00"
100000001439416100,distributor,0.8052120403321471,8,0.5819672286865998,"out_deg=2, out=165,000 KZT, out_tx=3, cross_out=0"
100000002121357100,consolidator,0.792015037434154,4,0.7608045846600109,"in_deg=2, in=255,300 KZT, seed_reach=3, retention=0.56"
100000002970466100,distributor,0.7992067022538553,8,0.6450112301324993,"out_deg=2, out=93,000 KZT, out_tx=3, cross_out=0"
100000002581346100,terminal,0.8681383451957295,48,0.5685568496316548,"depth=3, in_deg=1, out_deg=0, retention=1.00"
100000008738658100,terminal,0.8103536476868327,11,0.40344903506233454,"depth=3, in_deg=1, out_deg=0, retention=1.00"
100000005910114100,distributor,0.9736412164348107,8,0.9345809306497,"out_deg=19, out=1,469,993 KZT, out_tx=56, cross_out=7"
100000001046626100,terminal,0.8650689501779358,48,0.5634253380740999,"depth=3, in_deg=1, out_deg=0, retention=1.00"
100000006492770100,transit,0.557054887285187,8,0.6266220907607803,"in_deg=1, out_deg=1, pass=0.07, relay_2d=1.00"
100000001674850100,terminal,0.940469306049822,4,0.6513466744815918,"depth=3, in_deg=2, out_deg=0, retention=1.00"
100000000860514100,peripheral,0.549999,73,0.48180261553504344,"in_deg=1, out_deg=1, seed_reach=1, depth=3"
100000003650146100,terminal,0.7808607651245552,1,0.4752102592676618,"depth=3, in_deg=1, out_deg=0, retention=1.00"
100000001227106100,terminal,0.867604537366548,48,0.5679172808951835,"depth=3, in_deg=1, out_deg=0, retention=1.00"
100000003647799100,terminal,0.8537922597864768,48,0.5462085990048599,"depth=3, in_deg=1, out_deg=0, retention=1.00"
100000008293431100,distributor,0.9253929418742587,8,0.6219951611759243,"out_deg=5, out=297,000 KZT, out_tx=7, cross_out=2"
100000002975287100,terminal,0.7825289145907472,54,0.3776937451023774,"depth=3, in_deg=1, out_deg=0, retention=1.00"
100000008507703100,terminal,0.8093193950177935,11,0.401955949456341,"depth=3, in_deg=1, out_deg=0, retention=1.00"
100000001733687100,terminal,0.8838856761565835,9,0.573272874683,"depth=3, in_deg=1, out_deg=0, retention=1.00"
100000004552204100,distributor,0.7664664887307235,88,0.5775066111282278,"out_deg=2, out=10,000 KZT, out_tx=2, cross_out=0"
100000008223756100,terminal,0.9480093416370107,49,0.6720970416094074,"depth=3, in_deg=2, out_deg=0, retention=1.00"
100000002956769100,terminal,0.9770907473309608,50,0.7318983311577218,"depth=3, in_deg=3, out_deg=0, retention=1.00"
100000008555233100,terminal,0.8912922597864767,52,0.5276572713923349,"depth=3, in_deg=1, out_deg=0, retention=1.00"
100000002346166100,terminal,0.7637455516014234,11,0.3537337192503421,"depth=3, in_deg=1, out_deg=0, retention=1.00"
100000000878006100,terminal,0.8270351423487544,48,0.5131130614825591,"depth=3, in_deg=1, out_deg=0, retention=1.00"
100000004997515100,consolidator,0.9297745957025093,9,0.8537733495975983,"in_deg=4, in=395,000 KZT, seed_reach=5, retention=0.86"
100000007653003100,terminal,0.8537922597864768,54,0.4649141150190948,"depth=3, in_deg=1, out_deg=0, retention=1.00"
100000000661131100,terminal,0.7845974199288256,11,0.3735387498384608,"depth=3, in_deg=1, out_deg=0, retention=1.00"
100000003880331100,distributor,0.9826852627171865,49,0.7672441273176085,"out_deg=16, out=3,904,908 KZT, out_tx=31, cross_out=7"
100000003204491100,transit,0.7670389552618201,8,0.5967509394035689,"in_deg=1, out_deg=1, pass=0.71, relay_2d=1.00"
100000008463968100,terminal,0.7721863879003559,11,0.36121081557865187,"depth=3, in_deg=1, out_deg=0, retention=1.00"
100000002712416100,terminal,0.9209853202846975,50,0.679820662611231,"depth=3, in_deg=2, out_deg=0, retention=1.00"
100000008754997100,terminal,0.790035587188612,11,0.380059569324576,"depth=3, in_deg=1, out_deg=0, retention=1.00"
100000008011573100,terminal,0.7825289145907472,54,0.3776937451023774,"depth=3, in_deg=1, out_deg=0, retention=1.00"
100000003178549100,distributor,0.88301453143535,54,0.7046018936402575,"out_deg=4, out=89,080 KZT, out_tx=4, cross_out=3"
100000000534581100,consolidator,0.7061671688470922,49,0.6833694815100827,"in_deg=2, in=55,960 KZT, seed_reach=3, retention=0.29"
100000007138613100,consolidator,0.8914328815678253,8,0.8108541595834016,"in_deg=3, in=1,002,000 KZT, seed_reach=3, retention=0.82"
100000002380341100,terminal,0.8367771352313167,8,0.4539317520237641,"depth=3, in_deg=1, out_deg=0, retention=1.00"
100000008309514100,terminal,0.7877335409252668,11,0.37743640268745476,"depth=3, in_deg=1, out_deg=0, retention=1.00"
100000003134474100,terminal,0.8584630782918149,48,0.5531797947704686,"depth=3, in_deg=1, out_deg=0, retention=1.00"
100000002373386100,terminal,0.8015124555160141,11,0.39308135223566093,"depth=3, in_deg=1, out_deg=0, retention=1.00"
100000008684767100,terminal,0.8137900355871885,11,0.4067683241588544,"depth=3, in_deg=1, out_deg=0, retention=1.00"
100000008332511100,terminal,0.8537922597864768,3,0.6515689192895574,"depth=3, in_deg=1, out_deg=0, retention=1.00"
100000005754335100,terminal,0.8238322953736654,70,0.46720601966634384,"depth=3, in_deg=1, out_deg=0, retention=1.00"
100000008547295100,terminal,0.7825289145907472,3,0.45040281983547353,"depth=3, in_deg=1, out_deg=0, retention=1.00"
100000001875167100,terminal,0.9410142348754448,48,0.6549393829305984,"depth=3, in_deg=1, out_deg=0, retention=1.00"
100000004670388100,distributor,0.8250518979833926,71,0.6761936456173901,"out_deg=2, out=720,000 KZT, out_tx=4, cross_out=0"
100000004097972100,distributor,0.7664664887307235,8,0.6860290218632329,"out_deg=2, out=10,000 KZT, out_tx=2, cross_out=0"
100000000481716100,terminal,0.7671819395017793,55,0.4199948902435376,"depth=3, in_deg=1, out_deg=0, retention=1.00"
100000005089460100,terminal,0.7775911921708184,11,0.3665000754916644,"depth=3, in_deg=1, out_deg=0, retention=1.00"
100000003105929100,peripheral,0.549999,48,0.6277343394320384,"in_deg=1, out_deg=1, seed_reach=3, depth=3"
100000008379273100,distributor,0.8718490510083038,55,0.7191243812223185,"out_deg=4, out=38,000 KZT, out_tx=4, cross_out=3"
100000005357705100,distributor,0.8651201067615659,49,0.6416096894205334,"out_deg=4, out=387,080 KZT, out_tx=5, cross_out=0"
100000003111305100,terminal,0.977924822064057,58,0.7596169593444494,"depth=3, in_deg=4, out_deg=0, retention=1.00"
100000008503177100,terminal,0.8156917259786476,49,0.41456099388675866,"depth=3, in_deg=1, out_deg=0, retention=1.00"
100000000955529100,peripheral,0.549999,2,0.5100769561708678,"in_deg=1, out_deg=1, seed_reach=1, depth=3"
100000008695689100,terminal,0.8069839857651245,11,0.3988045637287435,"depth=3, in_deg=1, out_deg=0, retention=1.00"
100000004184158100,terminal,0.8748109430604982,8,0.4878494657152772,"depth=3, in_deg=1, out_deg=0, retention=1.00"
100000005475379100,distributor,0.8243549822064058,12,0.6089310192190173,"out_deg=3, out=81,000 KZT, out_tx=3, cross_out=0"
100000003093299100,terminal,0.7825289145907472,8,0.44146153869668353,"depth=3, in_deg=1, out_deg=0, retention=1.00"
100000008767027100,terminal,0.7596752669039145,52,0.4595783832254509,"depth=3, in_deg=1, out_deg=0, retention=1.00"
100000004539443100,terminal,0.9009675266903914,2,0.6109831193510906,"depth=3, in_deg=2, out_deg=0, retention=1.00"
100000007863304100,terminal,0.8037811387900355,48,0.4927890601271813,"depth=3, in_deg=1, out_deg=0, retention=1.00"
100000004959752100,terminal,0.7983096085409253,2,0.5997855233973935,"depth=3, in_deg=1, out_deg=0, retention=1.00"
100000002214664100,transit,0.5798376334519574,11,0.493183705682736,"in_deg=1, out_deg=1, pass=9.68, relay_2d=1.00"
100000008192264100,transit,0.7936753354761632,48,0.7035960143561665,"in_deg=1, out_deg=1, pass=1.15, relay_2d=1.00"
100000000942301100,terminal,0.8769239323843415,8,0.5391177821810981,"depth=3, in_deg=1, out_deg=0, retention=1.00"
100000002578653100,terminal,0.7939724199288256,62,0.42110868350215125,"depth=3, in_deg=1, out_deg=0, retention=1.00"
100000002511581100,terminal,0.7890013345195729,11,0.37879930576156584,"depth=3, in_deg=1, out_deg=0, retention=1.00"
100000005610717100,consolidator,0.8710416276456266,8,0.8300352735137535,"in_deg=4, in=484,500 KZT, seed_reach=3, retention=0.45"
100000005704413100,distributor,0.9789508134214541,55,0.8972448121488145,"out_deg=32, out=1,363,593 KZT, out_tx=35, cross_out=5"
100000000976943100,transit,0.7546236866632774,12,0.6225861846821776,"in_deg=1, out_deg=1, pass=1.20, relay_2d=1.00"
100000008708061100,terminal,0.7681828291814946,11,0.3579435600195475,"depth=3, in_deg=1, out_deg=0, retention=1.00"
100000003986141100,terminal,0.7619773131672597,54,0.35334290614865804,"depth=3, in_deg=1, out_deg=0, retention=1.00"
100000005037490100,distributor,0.7847494068801898,6,0.6643809856124605,"out_deg=2, out=30,000 KZT, out_tx=3, cross_out=0"
100000004257714100,terminal,0.8334408362989323,11,0.43155236028364086,"depth=3, in_deg=1, out_deg=0, retention=1.00"
100000000569479100,terminal,0.8850533807829181,8,0.5255950757061951,"depth=3, in_deg=1, out_deg=0, retention=1.00"
100000007303047100,terminal,0.83350756227758,11,0.4317943342319631,"depth=3, in_deg=1, out_deg=0, retention=1.00"
100000008708743100,terminal,0.7844306049822064,11,0.37332475205937493,"depth=3, in_deg=1, out_deg=0, retention=1.00"
100000008745863100,terminal,0.7988767793594306,11,0.3900455238105578,"depth=3, in_deg=1, out_deg=0, retention=1.00"
100000005048668100,distributor,0.9311343416370109,49,0.8058572355003105,"out_deg=8, out=159,400 KZT, out_tx=11, cross_out=5"
100000006522972100,terminal,0.7694506227758007,48,0.39626665462965843,"depth=3, in_deg=1, out_deg=0, retention=1.00"
100000008759857100,distributor,0.8213597271648873,52,0.5909692491803739,"out_deg=2, out=994,000 KZT, out_tx=3, cross_out=0"
100000005342513100,peripheral,0.549999,11,0.5472972498095298,"in_deg=1, out_deg=1, seed_reach=1, depth=3"
100000004750897100,terminal,0.7721863879003559,5,0.5424385735857693,"depth=3, in_deg=1, out_deg=0, retention=1.00"
100000001140785100,terminal,0.9379337188612099,4,0.6391463661921069,"depth=3, in_deg=2, out_deg=0, retention=1.00"
100000002821425100,terminal,0.881650355871886,50,0.5619127010757977,"depth=3, in_deg=1, out_deg=0, retention=1.00"
100000003221510100,distributor,0.8016533214709372,8,0.5989328498631817,"out_deg=2, out=120,000 KZT, out_tx=3, cross_out=0"
100000003031003100,terminal,0.9592749110320284,50,0.7194044544584517,"depth=3, in_deg=3, out_deg=0, retention=1.00"
100000003060187100,terminal,0.8507228647686832,13,0.46215584597385595,"depth=3, in_deg=1, out_deg=0, retention=1.00"
100000008718811100,terminal,0.8435831850533807,11,0.44794542537770093,"depth=3, in_deg=1, out_deg=0, retention=1.00"
100000008043184100,terminal,0.832239768683274,54,0.4297530522135212,"depth=3, in_deg=1, out_deg=0, retention=1.00"
100000002530224100,terminal,0.8581294483985764,9,0.4507461341941081,"depth=3, in_deg=1, out_deg=0, retention=1.00"
100000008754608100,terminal,0.7775911921708184,11,0.3665000754916644,"depth=3, in_deg=1, out_deg=0, retention=1.00"
100000006989232100,terminal,0.7982095195729537,8,0.3827460044400103,"depth=3, in_deg=1, out_deg=0, retention=1.00"
100000006532229100,terminal,0.8559274911032028,4,0.5750667087058218,"depth=3, in_deg=1, out_deg=0, retention=1.00"
100000005661829100,distributor,0.8413775207591934,13,0.6207914926627266,"out_deg=2, out=40,362 KZT, out_tx=4, cross_out=1"
100000004553349100,terminal,0.7667148576512455,48,0.39022001868273964,"depth=3, in_deg=1, out_deg=0, retention=1.00"
100000002945626100,terminal,0.9734875444839858,9,0.7404273681043001,"depth=3, in_deg=3, out_deg=0, retention=1.00"
100000008775471100,terminal,0.936510231316726,52,0.5508246063748927,"depth=3, in_deg=1, out_deg=0, retention=1.00"
100000000404740100,peripheral,0.549999,73,0.4017182474162222,"depth=4, in_deg=1, out_deg=0; boundary-censored beyond hop 4"
100000004268036100,peripheral,0.549999,84,0.30628182985538877,"depth=4, in_deg=1, out_deg=0; boundary-censored beyond hop 4"
100000001256409100,peripheral,0.549999,49,0.38175460084374085,"depth=4, in_deg=1, out_deg=0; boundary-censored beyond hop 4"
100000005360814100,peripheral,0.549999,49,0.4381464152487031,"depth=4, in_deg=1, out_deg=0; boundary-censored beyond hop 4"
100000002369454100,peripheral,0.549999,49,0.38866219759415815,"depth=4, in_deg=1, out_deg=0; boundary-censored beyond hop 4"
100000004272302100,peripheral,0.549999,62,0.30700626952310195,"depth=4, in_deg=1, out_deg=0; boundary-censored beyond hop 4"
100000008727982100,peripheral,0.549999,58,0.4065281168675966,"depth=4, in_deg=1, out_deg=0; boundary-censored beyond hop 4"
100000000600707100,peripheral,0.549999,85,0.441359851555646,"depth=4, in_deg=1, out_deg=0; boundary-censored beyond hop 4"
100000004500781100,peripheral,0.549999,51,0.4411402487366083,"depth=4, in_deg=1, out_deg=0; boundary-censored beyond hop 4"
100000008703533100,peripheral,0.549999,4,0.3734739857877296,"depth=4, in_deg=1, out_deg=0; boundary-censored beyond hop 4"
100000004549591100,peripheral,0.549999,90,0.4059870455297965,"depth=4, in_deg=1, out_deg=0; boundary-censored beyond hop 4"
100000002700161100,peripheral,0.549999,89,0.4200872558186932,"depth=4, in_deg=1, out_deg=0; boundary-censored beyond hop 4"
100000003134550100,peripheral,0.549999,4,0.38565181660233877,"depth=4, in_deg=1, out_deg=0; boundary-censored beyond hop 4"
100000001957974100,peripheral,0.549999,51,0.434367747311283,"depth=4, in_deg=1, out_deg=0; boundary-censored beyond hop 4"
100000001246806100,peripheral,0.549999,9,0.4359568622262915,"depth=4, in_deg=1, out_deg=0; boundary-censored beyond hop 4"
100000003622955100,peripheral,0.549999,12,0.4762035747851543,"depth=4, in_deg=1, out_deg=0; boundary-censored beyond hop 4"
100000003692843100,peripheral,0.549999,81,0.4681156786650308,"depth=4, in_deg=1, out_deg=0; boundary-censored beyond hop 4"
100000008629504100,peripheral,0.549999,8,0.3515878628591682,"depth=4, in_deg=1, out_deg=0; boundary-censored beyond hop 4"
100000005621418100,peripheral,0.549999,57,0.36563250595419206,"depth=4, in_deg=1, out_deg=0; boundary-censored beyond hop 4"
100000004167082100,peripheral,0.549999,6,0.4459064205662228,"depth=4, in_deg=1, out_deg=0; boundary-censored beyond hop 4"
100000004379306100,peripheral,0.549999,49,0.3859455676677166,"depth=4, in_deg=1, out_deg=0; boundary-censored beyond hop 4"
100000004856746100,peripheral,0.549999,65,0.34900779168479096,"depth=4, in_deg=1, out_deg=0; boundary-censored beyond hop 4"
100000004891562100,peripheral,0.549999,84,0.41157978890729563,"depth=4, in_deg=1, out_deg=0; boundary-censored beyond hop 4"
100000007042175100,peripheral,0.549999,8,0.4941294004327383,"depth=4, in_deg=1, out_deg=0; boundary-censored beyond hop 4"
100000002670463100,peripheral,0.549999,84,0.36215897534603325,"depth=4, in_deg=1, out_deg=0; boundary-censored beyond hop 4"
100000005567828100,peripheral,0.549999,55,0.47663896838913783,"depth=4, in_deg=1, out_deg=0; boundary-censored beyond hop 4"
100000004200745100,peripheral,0.549999,14,0.5257403734955678,"depth=4, in_deg=1, out_deg=0; boundary-censored beyond hop 4"
100000003989033100,peripheral,0.549999,12,0.471211525175681,"depth=4, in_deg=1, out_deg=0; boundary-censored beyond hop 4"
100000005146665100,peripheral,0.549999,67,0.2990754241614386,"depth=4, in_deg=1, out_deg=0; boundary-censored beyond hop 4"
100000003096787100,peripheral,0.549999,55,0.4038376707371818,"depth=4, in_deg=1, out_deg=0; boundary-censored beyond hop 4"
100000003074515100,peripheral,0.549999,9,0.46218539134577835,"depth=4, in_deg=1, out_deg=0; boundary-censored beyond hop 4"
100000004377043100,peripheral,0.549999,66,0.36131150838317666,"depth=4, in_deg=1, out_deg=0; boundary-censored beyond hop 4"
100000008680061100,peripheral,0.549999,48,0.38332982873115856,"depth=4, in_deg=1, out_deg=0; boundary-censored beyond hop 4"
100000008471634100,peripheral,0.549999,73,0.4067035212221575,"depth=4, in_deg=1, out_deg=0; boundary-censored beyond hop 4"
100000002119762100,peripheral,0.549999,48,0.5400743115113475,"depth=4, in_deg=1, out_deg=0; boundary-censored beyond hop 4"
100000008628818100,peripheral,0.549999,55,0.4459379455656305,"depth=4, in_deg=1, out_deg=0; boundary-censored beyond hop 4"
100000007510567100,peripheral,0.549999,55,0.4522670351487197,"depth=4, in_deg=1, out_deg=0; boundary-censored beyond hop 4"
100000004780327100,peripheral,0.549999,84,0.32509394787271556,"depth=4, in_deg=1, out_deg=0; boundary-censored beyond hop 4"
100000008376785100,peripheral,0.549999,48,0.5649460595820935,"depth=4, in_deg=1, out_deg=0; boundary-censored beyond hop 4"
100000005745873100,peripheral,0.549999,64,0.4919244774497069,"depth=4, in_deg=1, out_deg=0; boundary-censored beyond hop 4"
100000002594214100,peripheral,0.549999,60,0.5621792599982565,"depth=4, in_deg=1, out_deg=0; boundary-censored beyond hop 4"
100000001299323100,peripheral,0.549999,9,0.46378533327213367,"depth=4, in_deg=1, out_deg=0; boundary-censored beyond hop 4"
100000003838587100,peripheral,0.549999,51,0.3817797252007076,"depth=4, in_deg=1, out_deg=0; boundary-censored beyond hop 4"
100000000673915100,peripheral,0.549999,63,0.42818195577905904,"depth=4, in_deg=1, out_deg=0; boundary-censored beyond hop 4"
100000003061115100,peripheral,0.549999,8,0.4852245326942239,"depth=4, in_deg=1, out_deg=0; boundary-censored beyond hop 4"
100000004326224100,peripheral,0.549999,48,0.529360717158717,"depth=4, in_deg=1, out_deg=0; boundary-censored beyond hop 4"
100000004988240100,peripheral,0.549999,8,0.46475512264564506,"depth=4, in_deg=1, out_deg=0; boundary-censored beyond hop 4"
100000008525136100,peripheral,0.549999,8,0.4238733601037681,"depth=4, in_deg=1, out_deg=0; boundary-censored beyond hop 4"
100000001991973100,peripheral,0.549999,84,0.345464333864676,"depth=4, in_deg=1, out_deg=0; boundary-censored beyond hop 4"
100000004569637100,peripheral,0.549999,49,0.3811038939123283,"depth=4, in_deg=1, out_deg=0; boundary-censored beyond hop 4"
100000008675322100,peripheral,0.549999,63,0.5443746966485613,"depth=4, in_deg=1, out_deg=0; boundary-censored beyond hop 4"
100000004235471100,peripheral,0.549999,48,0.5333123289536092,"depth=4, in_deg=1, out_deg=0; boundary-censored beyond hop 4"
100000003194831100,peripheral,0.549999,12,0.3161350935456791,"depth=4, in_deg=1, out_deg=0; boundary-censored beyond hop 4"
100000008588665100,peripheral,0.549999,8,0.45314173496070614,"depth=4, in_deg=1, out_deg=0; boundary-censored beyond hop 4"
100000003230329100,peripheral,0.549999,9,0.4642236043165216,"depth=4, in_deg=1, out_deg=0; boundary-censored beyond hop 4"
100000002217806100,peripheral,0.549999,90,0.4196930520030733,"depth=4, in_deg=1, out_deg=0; boundary-censored beyond hop 4"
100000004041294100,peripheral,0.549999,73,0.3564224767942798,"depth=4, in_deg=1, out_deg=0; boundary-censored beyond hop 4"
100000008583971100,consolidator,0.7086546065638594,8,0.5220583968221245,"depth=4, in_deg=2, out_deg=0; boundary-censored beyond hop 4"
100000008251939100,peripheral,0.549999,55,0.4436011679109222,"depth=4, in_deg=1, out_deg=0; boundary-censored beyond hop 4"
100000004049912100,peripheral,0.549999,13,0.35584968589320876,"depth=4, in_deg=1, out_deg=0; boundary-censored beyond hop 4"
100000002227960100,peripheral,0.549999,78,0.33692174995014823,"depth=4, in_deg=1, out_deg=0; boundary-censored beyond hop 4"
100000008677368100,peripheral,0.549999,3,0.3851767057809524,"depth=4, in_deg=1, out_deg=0; boundary-censored beyond hop 4"
100000008631800100,peripheral,0.549999,84,0.327316225703826,"depth=4, in_deg=1, out_deg=0; boundary-censored beyond hop 4"
100000003220685100,peripheral,0.549999,48,0.5885534363841262,"depth=4, in_deg=1, out_deg=0; boundary-censored beyond hop 4"
100000003072205100,consolidator,0.7990065243179123,9,0.6012056221741642,"depth=4, in_deg=2, out_deg=0; boundary-censored beyond hop 4"
100000001202637100,peripheral,0.549999,55,0.38440840475441873,"depth=4, in_deg=1, out_deg=0; boundary-censored beyond hop 4"
100000002835874100,peripheral,0.549999,9,0.43812926784757605,"depth=4, in_deg=1, out_deg=0; boundary-censored beyond hop 4"
100000002707106100,peripheral,0.549999,51,0.3170991856985589,"depth=4, in_deg=1, out_deg=0; boundary-censored beyond hop 4"
100000008343415100,peripheral,0.549999,49,0.5058623741349603,"depth=4, in_deg=1, out_deg=0; boundary-censored beyond hop 4"
100000004981068100,peripheral,0.549999,49,0.4418817143629596,"depth=4, in_deg=1, out_deg=0; boundary-censored beyond hop 4"
100000004241142100,peripheral,0.549999,8,0.47215916804041785,"depth=4, in_deg=1, out_deg=0; boundary-censored beyond hop 4"
100000008190411100,peripheral,0.549999,86,0.44394276862220555,"depth=4, in_deg=1, out_deg=0; boundary-censored beyond hop 4"
100000008699083100,peripheral,0.549999,50,0.4117029062817055,"depth=4, in_deg=1, out_deg=0; boundary-censored beyond hop 4"
100000008136608100,peripheral,0.549999,55,0.4472305017693338,"depth=4, in_deg=1, out_deg=0; boundary-censored beyond hop 4"
100000008695157100,peripheral,0.549999,49,0.4626423549260186,"depth=4, in_deg=1, out_deg=0; boundary-censored beyond hop 4"
100000000369781100,peripheral,0.549999,48,0.48494715800157673,"depth=4, in_deg=1, out_deg=0; boundary-censored beyond hop 4"
100000003133045100,peripheral,0.549999,86,0.3990405849327033,"depth=4, in_deg=1, out_deg=0; boundary-censored beyond hop 4"
100000002474570100,peripheral,0.549999,84,0.310368614927586,"depth=4, in_deg=1, out_deg=0; boundary-censored beyond hop 4"
100000002514975100,peripheral,0.549999,57,0.3891744192840952,"depth=4, in_deg=1, out_deg=0; boundary-censored beyond hop 4"
100000001089055100,peripheral,0.549999,54,0.3603663969893971,"depth=4, in_deg=1, out_deg=0; boundary-censored beyond hop 4"
100000000608031100,peripheral,0.549999,54,0.4024652461677152,"depth=4, in_deg=1, out_deg=0; boundary-censored beyond hop 4"
100000002659103100,peripheral,0.549999,61,0.4225922139166789,"depth=4, in_deg=1, out_deg=0; boundary-censored beyond hop 4"
100000000733940100,peripheral,0.549999,56,0.4639224821103506,"depth=4, in_deg=1, out_deg=0; boundary-censored beyond hop 4"
100000001537524100,peripheral,0.549999,50,0.39312670109385867,"depth=4, in_deg=1, out_deg=0; boundary-censored beyond hop 4"
100000002971593100,peripheral,0.549999,48,0.5210705536740826,"depth=4, in_deg=1, out_deg=0; boundary-censored beyond hop 4"
100000006918814100,peripheral,0.549999,2,0.36223436345228804,"depth=4, in_deg=1, out_deg=0; boundary-censored beyond hop 4"
100000007381662100,peripheral,0.549999,8,0.4092865288943265,"depth=4, in_deg=1, out_deg=0; boundary-censored beyond hop 4"
100000003199390100,peripheral,0.549999,48,0.545421441406405,"depth=4, in_deg=1, out_deg=0; boundary-censored beyond hop 4"
100000007749747100,peripheral,0.549999,4,0.4070998554504681,"depth=4, in_deg=1, out_deg=0; boundary-censored beyond hop 4"
100000003447411100,peripheral,0.549999,49,0.42391685341570573,"depth=4, in_deg=1, out_deg=0; boundary-censored beyond hop 4"
100000000500040100,peripheral,0.549999,8,0.42947932193390126,"depth=4, in_deg=1, out_deg=0; boundary-censored beyond hop 4"
100000008551752100,peripheral,0.549999,64,0.5197672040446232,"depth=4, in_deg=1, out_deg=0; boundary-censored beyond hop 4"
100000002876914100,peripheral,0.549999,84,0.32509394787271556,"depth=4, in_deg=1, out_deg=0; boundary-censored beyond hop 4"
100000004571634100,peripheral,0.549999,12,0.3778334144605917,"depth=4, in_deg=1, out_deg=0; boundary-censored beyond hop 4"
100000004610802100,peripheral,0.549999,87,0.4515640786498185,"depth=4, in_deg=1, out_deg=0; boundary-censored beyond hop 4"
100000001311175100,peripheral,0.549999,50,0.45165387049912725,"depth=4, in_deg=1, out_deg=0; boundary-censored beyond hop 4"
100000008740295100,peripheral,0.549999,9,0.5015204185418318,"depth=4, in_deg=1, out_deg=0; boundary-censored beyond hop 4"
100000002596039100,peripheral,0.549999,49,0.41282080177394126,"depth=4, in_deg=1, out_deg=0; boundary-censored beyond hop 4"
100000002126791100,peripheral,0.549999,9,0.5579510378886944,"depth=4, in_deg=1, out_deg=0; boundary-censored beyond hop 4"
100000005783452100,consolidator,0.783189996045868,50,0.6160322840581648,"depth=4, in_deg=2, out_deg=0; boundary-censored beyond hop 4"
100000006693788100,peripheral,0.549999,8,0.3824125840811673,"depth=4, in_deg=1, out_deg=0; boundary-censored beyond hop 4"
100000002832753100,peripheral,0.549999,5,0.3948983960976812,"depth=4, in_deg=1, out_deg=0; boundary-censored beyond hop 4"
100000002981489100,peripheral,0.549999,48,0.4189724616939205,"depth=4, in_deg=1, out_deg=0; boundary-censored beyond hop 4"
100000003084870100,peripheral,0.549999,50,0.358259651122002,"depth=4, in_deg=1, out_deg=0; boundary-censored beyond hop 4"
100000002791494100,peripheral,0.549999,55,0.47265560009687657,"depth=4, in_deg=1, out_deg=0; boundary-censored beyond hop 4"
100000003345947100,peripheral,0.549999,49,0.4288683998719824,"depth=4, in_deg=1, out_deg=0; boundary-censored beyond hop 4"
100000002733083100,peripheral,0.549999,55,0.40121745520611324,"depth=4, in_deg=1, out_deg=0; boundary-censored beyond hop 4"
100000003247600100,peripheral,0.549999,2,0.4306884647934924,"depth=4, in_deg=1, out_deg=0; boundary-censored beyond hop 4"
100000001378288100,peripheral,0.549999,49,0.45636498854592955,"depth=4, in_deg=1, out_deg=0; boundary-censored beyond hop 4"
100000002305477100,peripheral,0.549999,78,0.360796047912549,"depth=4, in_deg=1, out_deg=0; boundary-censored beyond hop 4"
100000006638021100,consolidator,0.7919879398971926,76,0.6105818294962186,"depth=4, in_deg=2, out_deg=0; boundary-censored beyond hop 4"
100000008517061100,peripheral,0.549999,51,0.4708720355473646,"depth=4, in_deg=1, out_deg=0; boundary-censored beyond hop 4"
100000005910895100,peripheral,0.549999,79,0.38341302967968305,"depth=4, in_deg=1, out_deg=0; boundary-censored beyond hop 4"
100000002723439100,peripheral,0.549999,79,0.40267819296478546,"depth=4, in_deg=1, out_deg=0; boundary-censored beyond hop 4"
100000002320495100,peripheral,0.549999,54,0.3855284715795142,"depth=4, in_deg=1, out_deg=0; boundary-censored beyond hop 4"
100000002229615100,peripheral,0.549999,78,0.4816114858503859,"depth=4, in_deg=1, out_deg=0; boundary-censored beyond hop 4"
100000008327791100,peripheral,0.549999,54,0.3839751409939707,"depth=4, in_deg=1, out_deg=0; boundary-censored beyond hop 4"
100000002208836100,peripheral,0.549999,48,0.5135203091904083,"depth=4, in_deg=1, out_deg=0; boundary-censored beyond hop 4"
100000001724740100,peripheral,0.549999,9,0.4525111688965979,"depth=4, in_deg=1, out_deg=0; boundary-censored beyond hop 4"
100000004386286100,peripheral,0.549999,14,0.4650496416492826,"depth=4, in_deg=1, out_deg=0; boundary-censored beyond hop 4"
100000001714883100,peripheral,0.549999,84,0.31098485510137003,"depth=4, in_deg=1, out_deg=0; boundary-censored beyond hop 4"
100000008337304100,peripheral,0.549999,49,0.4228396949373757,"depth=4, in_deg=1, out_deg=0; boundary-censored beyond hop 4"
100000000655469100,peripheral,0.549999,78,0.45516140971563324,"depth=4, in_deg=1, out_deg=0; boundary-censored beyond hop 4"
100000008722541100,peripheral,0.549999,48,0.555540256103716,"depth=4, in_deg=1, out_deg=0; boundary-censored beyond hop 4"
100000004222274100,peripheral,0.549999,8,0.3896725673862093,"depth=4, in_deg=1, out_deg=0; boundary-censored beyond hop 4"
100000006232642100,peripheral,0.549999,70,0.4593145737635177,"depth=4, in_deg=1, out_deg=0; boundary-censored beyond hop 4"
100000004066370100,peripheral,0.549999,85,0.435640138206982,"depth=4, in_deg=1, out_deg=0; boundary-censored beyond hop 4"
100000005685783100,peripheral,0.549999,11,0.39796742881636765,"depth=4, in_deg=1, out_deg=0; boundary-censored beyond hop 4"
100000006171671100,peripheral,0.549999,8,0.45340306667612684,"depth=4, in_deg=1, out_deg=0; boundary-censored beyond hop 4"
100000003481025100,peripheral,0.549999,8,0.3785299136997406,"depth=4, in_deg=1, out_deg=0; boundary-censored beyond hop 4"
100000003646145100,peripheral,0.549999,88,0.38459128611545573,"depth=4, in_deg=1, out_deg=0; boundary-censored beyond hop 4"
100000002659265100,peripheral,0.549999,9,0.41018768858699994,"depth=4, in_deg=1, out_deg=0; boundary-censored beyond hop 4"
100000003289281100,peripheral,0.549999,8,0.4143225864143588,"depth=4, in_deg=1, out_deg=0; boundary-censored beyond hop 4"
100000004840086100,peripheral,0.549999,8,0.4410047228894088,"depth=4, in_deg=1, out_deg=0; boundary-censored beyond hop 4"
100000008554390100,peripheral,0.549999,84,0.3296050594341525,"depth=4, in_deg=1, out_deg=0; boundary-censored beyond hop 4"
100000004691350100,peripheral,0.549999,71,0.3974633600680022,"depth=4, in_deg=1, out_deg=0; boundary-censored beyond hop 4"
100000004652395100,consolidator,0.8469750889679717,8,0.6556604295502318,"depth=4, in_deg=3, out_deg=0; boundary-censored beyond hop 4"
100000004979264100,peripheral,0.549999,4,0.3974866527635937,"depth=4, in_deg=1, out_deg=0; boundary-censored beyond hop 4"
100000008074304100,peripheral,0.549999,48,0.4635327195351041,"depth=4, in_deg=1, out_deg=0; boundary-censored beyond hop 4"
100000002227989100,peripheral,0.549999,78,0.3807693575210899,"depth=4, in_deg=1, out_deg=0; boundary-censored beyond hop 4"
100000003207060100,peripheral,0.549999,8,0.48204235784828015,"depth=4, in_deg=1, out_deg=0; boundary-censored beyond hop 4"
100000004601193100,peripheral,0.549999,12,0.4414639489881144,"depth=4, in_deg=1, out_deg=0; boundary-censored beyond hop 4"
100000004991593100,peripheral,0.549999,49,0.5103283286610094,"depth=4, in_deg=1, out_deg=0; boundary-censored beyond hop 4"
100000003128638100,peripheral,0.549999,9,0.4353282477233265,"depth=4, in_deg=1, out_deg=0; boundary-censored beyond hop 4"
100000005878334100,peripheral,0.549999,49,0.4958173771058567,"depth=4, in_deg=1, out_deg=0; boundary-censored beyond hop 4"
100000002878483100,peripheral,0.549999,84,0.3080030348092485,"depth=4, in_deg=1, out_deg=0; boundary-censored beyond hop 4"
100000000981693100,peripheral,0.549999,8,0.46089552830597963,"depth=4, in_deg=1, out_deg=0; boundary-censored beyond hop 4"
100000006416061100,peripheral,0.549999,49,0.39339051307162975,"depth=4, in_deg=1, out_deg=0; boundary-censored beyond hop 4"
100000008168850100,peripheral,0.549999,48,0.5612267132459915,"depth=4, in_deg=1, out_deg=0; boundary-censored beyond hop 4"
100000004747154100,peripheral,0.549999,86,0.39869207326744577,"depth=4, in_deg=1, out_deg=0; boundary-censored beyond hop 4"
100000008524903100,peripheral,0.549999,8,0.43750250716949596,"depth=4, in_deg=1, out_deg=0; boundary-censored beyond hop 4"
100000005049404100,peripheral,0.549999,48,0.516034143355507,"depth=4, in_deg=1, out_deg=0; boundary-censored beyond hop 4"
100000002258492100,peripheral,0.549999,0,0.38139913078159116,"depth=4, in_deg=1, out_deg=0; boundary-censored beyond hop 4"
100000005497148100,peripheral,0.549999,48,0.5092870712509346,"depth=4, in_deg=1, out_deg=0; boundary-censored beyond hop 4"
100000004596284100,peripheral,0.549999,1,0.4075809045307045,"depth=4, in_deg=1, out_deg=0; boundary-censored beyond hop 4"
100000007960337100,peripheral,0.549999,49,0.4743760689063223,"depth=4, in_deg=1, out_deg=0; boundary-censored beyond hop 4"
100000003180305100,peripheral,0.549999,8,0.5447597011324518,"depth=4, in_deg=1, out_deg=0; boundary-censored beyond hop 4"
100000007653094100,peripheral,0.549999,6,0.5247166961146504,"depth=4, in_deg=1, out_deg=0; boundary-censored beyond hop 4"
100000008175078100,peripheral,0.549999,63,0.5839954375320783,"depth=4, in_deg=1, out_deg=0; boundary-censored beyond hop 4"
100000004263867100,peripheral,0.549999,84,0.3162745756214488,"depth=4, in_deg=1, out_deg=0; boundary-censored beyond hop 4"
100000002194320100,peripheral,0.549999,74,0.446166345527614,"depth=4, in_deg=1, out_deg=0; boundary-censored beyond hop 4"
100000001222245100,peripheral,0.549999,48,0.5790689290653509,"depth=4, in_deg=1, out_deg=0; boundary-censored beyond hop 4"
100000008151098100,peripheral,0.549999,57,0.36652218566949457,"depth=4, in_deg=1, out_deg=0; boundary-censored beyond hop 4"
100000008735802100,peripheral,0.549999,8,0.5060348667288108,"depth=4, in_deg=1, out_deg=0; boundary-censored beyond hop 4"
100000004047887100,peripheral,0.549999,60,0.437029303107217,"depth=4, in_deg=1, out_deg=0; boundary-censored beyond hop 4"
100000003146511100,peripheral,0.549999,6,0.42279808446972117,"depth=4, in_deg=1, out_deg=0; boundary-censored beyond hop 4"
100000007511780100,peripheral,0.549999,8,0.45292854494370793,"depth=4, in_deg=1, out_deg=0; boundary-censored beyond hop 4"
100000007867364100,peripheral,0.549999,13,0.4019179528955761,"depth=4, in_deg=1, out_deg=0; boundary-censored beyond hop 4"
100000006288612100,peripheral,0.549999,14,0.3634799125645073,"depth=4, in_deg=1, out_deg=0; boundary-censored beyond hop 4"
100000006735545100,peripheral,0.549999,49,0.43018737152470843,"depth=4, in_deg=1, out_deg=0; boundary-censored beyond hop 4"
100000004403641100,peripheral,0.549999,50,0.3997550836546605,"depth=4, in_deg=1, out_deg=0; boundary-censored beyond hop 4"
100000003370425100,peripheral,0.549999,6,0.5315255852790971,"depth=4, in_deg=1, out_deg=0; boundary-censored beyond hop 4"
100000004350094100,peripheral,0.549999,13,0.4053690016492038,"depth=4, in_deg=1, out_deg=0; boundary-censored beyond hop 4"
100000004911971100,peripheral,0.549999,63,0.4537930197401453,"depth=4, in_deg=1, out_deg=0; boundary-censored beyond hop 4"
100000001202787100,consolidator,0.6715846184262554,8,0.5693972967912785,"depth=4, in_deg=2, out_deg=0; boundary-censored beyond hop 4"
100000008469048100,peripheral,0.549999,8,0.5738368046730535,"depth=4, in_deg=1, out_deg=0; boundary-censored beyond hop 4"
100000002635746100,peripheral,0.549999,84,0.3056122154520937,"depth=4, in_deg=1, out_deg=0; boundary-censored beyond hop 4"
100000008321975100,peripheral,0.549999,78,0.41247167358189873,"depth=4, in_deg=1, out_deg=0; boundary-censored beyond hop 4"
100000003078839100,peripheral,0.549999,49,0.363338748639372,"depth=4, in_deg=1, out_deg=0; boundary-censored beyond hop 4"
100000004006327100,peripheral,0.549999,4,0.4648804422666242,"depth=4, in_deg=1, out_deg=0; boundary-censored beyond hop 4"
100000007865484100,peripheral,0.549999,64,0.5303545654649532,"depth=4, in_deg=1, out_deg=0; boundary-censored beyond hop 4"
100000005367180100,peripheral,0.549999,49,0.38990538981402484,"depth=4, in_deg=1, out_deg=0; boundary-censored beyond hop 4"
100000001669260100,peripheral,0.549999,49,0.46626276510487735,"depth=4, in_deg=1, out_deg=0; boundary-censored beyond hop 4"
100000001297206100,peripheral,0.549999,8,0.3322754370481056,"depth=4, in_deg=1, out_deg=0; boundary-censored beyond hop 4"
100000002645046100,peripheral,0.549999,84,0.32509394787271556,"depth=4, in_deg=1, out_deg=0; boundary-censored beyond hop 4"
100000006308406100,peripheral,0.549999,78,0.45309841720909755,"depth=4, in_deg=1, out_deg=0; boundary-censored beyond hop 4"
100000002728246100,peripheral,0.549999,48,0.49192619834872475,"depth=4, in_deg=1, out_deg=0; boundary-censored beyond hop 4"
100000001590795100,peripheral,0.549999,84,0.30459605387268357,"depth=4, in_deg=1, out_deg=0; boundary-censored beyond hop 4"
100000006257675100,peripheral,0.549999,78,0.4173428933687538,"depth=4, in_deg=1, out_deg=0; boundary-censored beyond hop 4"
100000002130400100,peripheral,0.549999,85,0.35242441898929416,"depth=4, in_deg=1, out_deg=0; boundary-censored beyond hop 4"
100000000557536100,peripheral,0.549999,63,0.5151661630351002,"depth=4, in_deg=1, out_deg=0; boundary-censored beyond hop 4"
100000002689717100,peripheral,0.549999,55,0.4477622374534275,"depth=4, in_deg=1, out_deg=0; boundary-censored beyond hop 4"
100000005189258100,peripheral,0.549999,48,0.38476889459637564,"depth=4, in_deg=1, out_deg=0; boundary-censored beyond hop 4"
100000002748511100,peripheral,0.549999,1,0.39749533616877675,"depth=4, in_deg=1, out_deg=0; boundary-censored beyond hop 4"
100000002371892100,peripheral,0.549999,81,0.3728709539832676,"depth=4, in_deg=1, out_deg=0; boundary-censored beyond hop 4"
100000008130868100,peripheral,0.549999,50,0.3877879130871126,"depth=4, in_deg=1, out_deg=0; boundary-censored beyond hop 4"
100000007153161100,peripheral,0.549999,8,0.4835116540323094,"depth=4, in_deg=1, out_deg=0; boundary-censored beyond hop 4"
100000002994441100,peripheral,0.549999,49,0.37987598362435254,"depth=4, in_deg=1, out_deg=0; boundary-censored beyond hop 4"
100000001065481100,peripheral,0.549999,6,0.3884325917255637,"depth=4, in_deg=1, out_deg=0; boundary-censored beyond hop 4"
100000007731977100,peripheral,0.549999,8,0.46653046043267454,"depth=4, in_deg=1, out_deg=0; boundary-censored beyond hop 4"
100000003252446100,peripheral,0.549999,4,0.3895574645661515,"depth=4, in_deg=1, out_deg=0; boundary-censored beyond hop 4"
100000002671326100,peripheral,0.549999,4,0.4849290952137311,"depth=4, in_deg=1, out_deg=0; boundary-censored beyond hop 4"
100000005087923100,peripheral,0.549999,58,0.3857515639267839,"depth=4, in_deg=1, out_deg=0; boundary-censored beyond hop 4"
100000008770483100,peripheral,0.549999,76,0.381477407111897,"depth=4, in_deg=1, out_deg=0; boundary-censored beyond hop 4"
100000002748040100,peripheral,0.549999,55,0.4074231514463987,"depth=4, in_deg=1, out_deg=0; boundary-censored beyond hop 4"
100000004800648100,peripheral,0.549999,14,0.41432705192821345,"depth=4, in_deg=1, out_deg=0; boundary-censored beyond hop 4"
100000005025629100,peripheral,0.549999,48,0.45540533910389,"depth=4, in_deg=1, out_deg=0; boundary-censored beyond hop 4"
100000000581682100,peripheral,0.549999,66,0.31417313664926355,"depth=4, in_deg=1, out_deg=0; boundary-censored beyond hop 4"
100000004976946100,peripheral,0.549999,64,0.4960768279900984,"depth=4, in_deg=1, out_deg=0; boundary-censored beyond hop 4"
100000000957746100,peripheral,0.549999,54,0.4670445997937307,"depth=4, in_deg=1, out_deg=0; boundary-censored beyond hop 4"
100000003001138100,peripheral,0.549999,66,0.3722161358474305,"depth=4, in_deg=1, out_deg=0; boundary-censored beyond hop 4"
100000001325618100,peripheral,0.549999,84,0.31731244546711984,"depth=4, in_deg=1, out_deg=0; boundary-censored beyond hop 4"
100000003792647100,peripheral,0.549999,48,0.47757310618181914,"depth=4, in_deg=1, out_deg=0; boundary-censored beyond hop 4"
100000004107228100,peripheral,0.549999,2,0.3802763394962386,"depth=4, in_deg=1, out_deg=0; boundary-censored beyond hop 4"
100000003500764100,peripheral,0.549999,54,0.5016180968158025,"depth=4, in_deg=1, out_deg=0; boundary-censored beyond hop 4"
100000004261340100,peripheral,0.549999,8,0.4763407794408181,"depth=4, in_deg=1, out_deg=0; boundary-censored beyond hop 4"
100000008172721100,peripheral,0.549999,49,0.4305141032248721,"depth=4, in_deg=1, out_deg=0; boundary-censored beyond hop 4"
100000005079473100,peripheral,0.549999,49,0.3819985524776211,"depth=4, in_deg=1, out_deg=0; boundary-censored beyond hop 4"
100000004850609100,peripheral,0.549999,8,0.3494439919430308,"depth=4, in_deg=1, out_deg=0; boundary-censored beyond hop 4"
100000005042822100,peripheral,0.549999,56,0.4613785482544841,"depth=4, in_deg=1, out_deg=0; boundary-censored beyond hop 4"
100000002794374100,peripheral,0.549999,76,0.4175753344362535,"depth=4, in_deg=1, out_deg=0; boundary-censored beyond hop 4"
100000002860934100,peripheral,0.549999,66,0.46532500999649373,"depth=4, in_deg=1, out_deg=0; boundary-censored beyond hop 4"
100000003097947100,peripheral,0.549999,49,0.3891808589702979,"depth=4, in_deg=1, out_deg=0; boundary-censored beyond hop 4"
100000004260869100,peripheral,0.549999,1,0.3933052019074436,"depth=4, in_deg=1, out_deg=0; boundary-censored beyond hop 4"
100000008762885100,peripheral,0.549999,9,0.3027140211456296,"depth=4, in_deg=1, out_deg=0; boundary-censored beyond hop 4"
100000002986245100,peripheral,0.549999,84,0.3071197339654714,"depth=4, in_deg=1, out_deg=0; boundary-censored beyond hop 4"
100000001471706100,peripheral,0.549999,0,0.4664596922016252,"depth=4, in_deg=1, out_deg=0; boundary-censored beyond hop 4"
100000002304943100,peripheral,0.549999,78,0.34960215129760985,"depth=4, in_deg=1, out_deg=0; boundary-censored beyond hop 4"
100000002695812100,peripheral,0.549999,55,0.47759336161732374,"depth=4, in_deg=1, out_deg=0; boundary-censored beyond hop 4"
100000008761220100,peripheral,0.549999,9,0.37875893856224785,"depth=4, in_deg=1, out_deg=0; boundary-censored beyond hop 4"
100000004890713100,peripheral,0.549999,55,0.4401732836161685,"depth=4, in_deg=1, out_deg=0; boundary-censored beyond hop 4"
100000003083865100,peripheral,0.549999,55,0.40011371713390875,"depth=4, in_deg=1, out_deg=0; boundary-censored beyond hop 4"
100000004030553100,peripheral,0.549999,49,0.4211536881492995,"depth=4, in_deg=1, out_deg=0; boundary-censored beyond hop 4"
100000002653187100,peripheral,0.549999,14,0.38078542531896215,"depth=4, in_deg=1, out_deg=0; boundary-censored beyond hop 4"
100000006412162100,peripheral,0.549999,84,0.3405867301825446,"depth=4, in_deg=1, out_deg=0; boundary-censored beyond hop 4"
100000004674178100,peripheral,0.549999,73,0.35238857460294043,"depth=4, in_deg=1, out_deg=0; boundary-censored beyond hop 4"
100000004070530100,peripheral,0.549999,60,0.4255202472008052,"depth=4, in_deg=1, out_deg=0; boundary-censored beyond hop 4"
100000006706519100,peripheral,0.549999,8,0.47541373831756584,"depth=4, in_deg=1, out_deg=0; boundary-censored beyond hop 4"
100000005636951100,peripheral,0.549999,58,0.41587952591613814,"depth=4, in_deg=1, out_deg=0; boundary-censored beyond hop 4"
100000003040087100,peripheral,0.549999,55,0.4259246673368975,"depth=4, in_deg=1, out_deg=0; boundary-censored beyond hop 4"
100000008766764100,peripheral,0.549999,9,0.37142402632897886,"depth=4, in_deg=1, out_deg=0; boundary-censored beyond hop 4"
100000000299820100,peripheral,0.549999,49,0.37435502397150056,"depth=4, in_deg=1, out_deg=0; boundary-censored beyond hop 4"
100000008349740100,peripheral,0.549999,63,0.48335712824419863,"depth=4, in_deg=1, out_deg=0; boundary-censored beyond hop 4"
100000008761132100,peripheral,0.549999,9,0.37875893856224785,"depth=4, in_deg=1, out_deg=0; boundary-censored beyond hop 4"
100000002540033100,peripheral,0.549999,52,0.38783367165833327,"depth=4, in_deg=1, out_deg=0; boundary-censored beyond hop 4"
100000001845505100,peripheral,0.549999,49,0.4730736279837233,"depth=4, in_deg=1, out_deg=0; boundary-censored beyond hop 4"
100000003782913100,peripheral,0.549999,51,0.40076530283524475,"depth=4, in_deg=1, out_deg=0; boundary-censored beyond hop 4"
100000008778753100,peripheral,0.549999,73,0.3284030666761269,"depth=4, in_deg=1, out_deg=0; boundary-censored beyond hop 4"
100000008710913100,peripheral,0.549999,9,0.3864555932419817,"depth=4, in_deg=1, out_deg=0; boundary-censored beyond hop 4"
100000005495211100,peripheral,0.549999,8,0.46462559925457336,"depth=4, in_deg=1, out_deg=0; boundary-censored beyond hop 4"
100000004013952100,peripheral,0.549999,8,0.3771448191792322,"depth=4, in_deg=1, out_deg=0; boundary-censored beyond hop 4"
100000007330432100,peripheral,0.549999,80,0.46454826774348856,"depth=4, in_deg=1, out_deg=0; boundary-censored beyond hop 4"
100000000737152100,peripheral,0.549999,8,0.4937692949477372,"depth=4, in_deg=1, out_deg=0; boundary-censored beyond hop 4"
100000004674389100,peripheral,0.549999,12,0.36806300539013653,"depth=4, in_deg=1, out_deg=0; boundary-censored beyond hop 4"
100000002529877100,peripheral,0.549999,50,0.41056151983315753,"depth=4, in_deg=1, out_deg=0; boundary-censored beyond hop 4"
100000004035925100,peripheral,0.549999,68,0.47090182599826896,"depth=4, in_deg=1, out_deg=0; boundary-censored beyond hop 4"
100000002188586100,peripheral,0.549999,55,0.43740304107538436,"depth=4, in_deg=1, out_deg=0; boundary-censored beyond hop 4"
100000008050986100,peripheral,0.549999,48,0.5146188657691625,"depth=4, in_deg=1, out_deg=0; boundary-censored beyond hop 4"
100000004777215100,peripheral,0.549999,78,0.4875012865537347,"depth=4, in_deg=1, out_deg=0; boundary-censored beyond hop 4"
100000000926078100,peripheral,0.549999,49,0.5209599762532631,"depth=4, in_deg=1, out_deg=0; boundary-censored beyond hop 4"
100000003486846100,peripheral,0.549999,1,0.4067309381958823,"depth=4, in_deg=1, out_deg=0; boundary-censored beyond hop 4"
100000002516862100,peripheral,0.549999,87,0.41478179662341963,"depth=4, in_deg=1, out_deg=0; boundary-censored beyond hop 4"
100000008730238100,peripheral,0.549999,4,0.4390022924861021,"depth=4, in_deg=1, out_deg=0; boundary-censored beyond hop 4"
100000000803368100,peripheral,0.549999,51,0.44008769990376206,"depth=4, in_deg=1, out_deg=0; boundary-censored beyond hop 4"
100000002528978100,peripheral,0.549999,55,0.40277901452777304,"depth=4, in_deg=1, out_deg=0; boundary-censored beyond hop 4"
100000002597074100,peripheral,0.549999,8,0.41952150475833155,"depth=4, in_deg=1, out_deg=0; boundary-censored beyond hop 4"
100000003631015100,peripheral,0.549999,64,0.49851357462352014,"depth=4, in_deg=1, out_deg=0; boundary-censored beyond hop 4"
100000008255655100,peripheral,0.549999,54,0.37609818635509173,"depth=4, in_deg=1, out_deg=0; boundary-censored beyond hop 4"
100000004265639100,peripheral,0.549999,49,0.38503118055513047,"depth=4, in_deg=1, out_deg=0; boundary-censored beyond hop 4"
100000002726055100,peripheral,0.549999,78,0.36034256845548635,"depth=4, in_deg=1, out_deg=0; boundary-censored beyond hop 4"
100000003696422100,peripheral,0.549999,56,0.4528564885432499,"depth=4, in_deg=1, out_deg=0; boundary-censored beyond hop 4"
100000007745062100,peripheral,0.549999,14,0.513187403790951,"depth=4, in_deg=1, out_deg=0; boundary-censored beyond hop 4"
100000005041147100,peripheral,0.549999,8,0.4557162339359133,"depth=4, in_deg=1, out_deg=0; boundary-censored beyond hop 4"
100000003819173100,peripheral,0.549999,49,0.3868393428043332,"depth=4, in_deg=1, out_deg=0; boundary-censored beyond hop 4"
100000001275557100,peripheral,0.549999,59,0.37316259595525364,"depth=4, in_deg=1, out_deg=0; boundary-censored beyond hop 4"
100000002706810100,peripheral,0.549999,84,0.3762832515554339,"depth=4, in_deg=1, out_deg=0; boundary-censored beyond hop 4"
100000002896506100,peripheral,0.549999,48,0.488827735541199,"depth=4, in_deg=1, out_deg=0; boundary-censored beyond hop 4"
100000008766031100,peripheral,0.549999,9,0.3722247380727511,"depth=4, in_deg=1, out_deg=0; boundary-censored beyond hop 4"
100000008758607100,peripheral,0.549999,9,0.37142402632897886,"depth=4, in_deg=1, out_deg=0; boundary-censored beyond hop 4"
100000008648783100,peripheral,0.549999,84,0.3052554174691981,"depth=4, in_deg=1, out_deg=0; boundary-censored beyond hop 4"
100000004291663100,peripheral,0.549999,8,0.43810614777209406,"depth=4, in_deg=1, out_deg=0; boundary-censored beyond hop 4"
100000003037476100,consolidator,0.8524614472123371,9,0.6581515850387643,"depth=4, in_deg=3, out_deg=0; boundary-censored beyond hop 4"
100000008715513100,peripheral,0.549999,84,0.3633415813222255,"depth=4, in_deg=1, out_deg=0; boundary-censored beyond hop 4"
100000001276409100,peripheral,0.549999,55,0.47725491075552007,"depth=4, in_deg=1, out_deg=0; boundary-censored beyond hop 4"
100000003232675100,peripheral,0.549999,6,0.4816192504262079,"depth=4, in_deg=1, out_deg=0; boundary-censored beyond hop 4"
100000007988344100,peripheral,0.549999,8,0.4621453954807578,"depth=4, in_deg=1, out_deg=0; boundary-censored beyond hop 4"
100000003047800100,peripheral,0.549999,50,0.3694105115355235,"depth=4, in_deg=1, out_deg=0; boundary-censored beyond hop 4"
100000003230328100,consolidator,0.7606267299327798,8,0.6108451232818023,"depth=4, in_deg=3, out_deg=0; boundary-censored beyond hop 4"
100000002702968100,peripheral,0.549999,55,0.4297594844817597,"depth=4, in_deg=1, out_deg=0; boundary-censored beyond hop 4"
100000004788983100,peripheral,0.549999,8,0.4586289215885276,"depth=4, in_deg=1, out_deg=0; boundary-censored beyond hop 4"
100000006490615100,peripheral,0.549999,6,0.4798891355208487,"depth=4, in_deg=1, out_deg=0; boundary-censored beyond hop 4"
100000008745676100,peripheral,0.549999,11,0.4024019504000594,"depth=4, in_deg=1, out_deg=0; boundary-censored beyond hop 4"
100000001598625100,peripheral,0.549999,49,0.38866219759415815,"depth=4, in_deg=1, out_deg=0; boundary-censored beyond hop 4"
100000008461217100,peripheral,0.549999,89,0.3930103400584984,"depth=4, in_deg=1, out_deg=0; boundary-censored beyond hop 4"
100000005711521100,peripheral,0.549999,6,0.5229996301965883,"depth=4, in_deg=1, out_deg=0; boundary-censored beyond hop 4"
100000002713974100,peripheral,0.549999,49,0.3904628447743116,"depth=4, in_deg=1, out_deg=0; boundary-censored beyond hop 4"
100000005272139100,peripheral,0.549999,1,0.45208509647895645,"depth=4, in_deg=1, out_deg=0; boundary-censored beyond hop 4"
100000002968096100,peripheral,0.549999,49,0.5042942575443172,"depth=4, in_deg=1, out_deg=0; boundary-censored beyond hop 4"
100000004449824100,peripheral,0.549999,84,0.3162745756214488,"depth=4, in_deg=1, out_deg=0; boundary-censored beyond hop 4"
100000004502048100,peripheral,0.549999,13,0.36389736456528665,"depth=4, in_deg=1, out_deg=0; boundary-censored beyond hop 4"
100000002660298100,peripheral,0.549999,55,0.428842210199872,"depth=4, in_deg=1, out_deg=0; boundary-censored beyond hop 4"
100000001299828100,peripheral,0.549999,8,0.433961425143264,"depth=4, in_deg=1, out_deg=0; boundary-censored beyond hop 4"
100000000581662100,peripheral,0.549999,50,0.35435250371031546,"depth=4, in_deg=1, out_deg=0; boundary-censored beyond hop 4"
100000001249054100,peripheral,0.549999,55,0.4058039929571829,"depth=4, in_deg=1, out_deg=0; boundary-censored beyond hop 4"
100000008759795100,peripheral,0.549999,84,0.3370213033868973,"depth=4, in_deg=1, out_deg=0; boundary-censored beyond hop 4"
100000001299443100,peripheral,0.549999,84,0.31418342646651665,"depth=4, in_deg=1, out_deg=0; boundary-censored beyond hop 4"
100000007997939100,peripheral,0.549999,9,0.44146070303921914,"depth=4, in_deg=1, out_deg=0; boundary-censored beyond hop 4"
100000003470579100,peripheral,0.549999,57,0.4690385542305322,"depth=4, in_deg=1, out_deg=0; boundary-censored beyond hop 4"
100000008649416100,peripheral,0.549999,54,0.3760503608485518,"depth=4, in_deg=1, out_deg=0; boundary-censored beyond hop 4"
100000008183752100,peripheral,0.549999,52,0.4355999833960675,"depth=4, in_deg=1, out_deg=0; boundary-censored beyond hop 4"
100000003950749100,peripheral,0.549999,1,0.3652807471242773,"depth=4, in_deg=1, out_deg=0; boundary-censored beyond hop 4"
100000005979037100,peripheral,0.549999,49,0.39454359349659524,"depth=4, in_deg=1, out_deg=0; boundary-censored beyond hop 4"
100000008734279100,peripheral,0.549999,49,0.3612465683675757,"depth=4, in_deg=1, out_deg=0; boundary-censored beyond hop 4"
100000005589319100,peripheral,0.549999,2,0.36395936112987815,"depth=4, in_deg=1, out_deg=0; boundary-censored beyond hop 4"
100000003626268100,peripheral,0.549999,49,0.37480480924712833,"depth=4, in_deg=1, out_deg=0; boundary-censored beyond hop 4"
100000001220124100,peripheral,0.549999,49,0.4836286362364228,"depth=4, in_deg=1, out_deg=0; boundary-censored beyond hop 4"
100000003904497100,peripheral,0.549999,9,0.4349866965693653,"depth=4, in_deg=1, out_deg=0; boundary-censored beyond hop 4"
100000001270470100,peripheral,0.549999,8,0.47401993050151425,"depth=4, in_deg=1, out_deg=0; boundary-censored beyond hop 4"
100000003091142100,peripheral,0.549999,8,0.47201831595172533,"depth=4, in_deg=1, out_deg=0; boundary-censored beyond hop 4"
100000001053894100,peripheral,0.549999,60,0.5835396190195347,"depth=4, in_deg=1, out_deg=0; boundary-censored beyond hop 4"
100000004722630100,peripheral,0.549999,71,0.45838715216457554,"depth=4, in_deg=1, out_deg=0; boundary-censored beyond hop 4"
100000004655046100,peripheral,0.549999,55,0.40050889805995005,"depth=4, in_deg=1, out_deg=0; boundary-censored beyond hop 4"
100000004019056100,peripheral,0.549999,6,0.4905962967316069,"depth=4, in_deg=1, out_deg=0; boundary-censored beyond hop 4"
100000008071749100,peripheral,0.549999,55,0.41954249218320433,"depth=4, in_deg=1, out_deg=0; boundary-censored beyond hop 4"
100000008221765100,peripheral,0.549999,48,0.5515909831085264,"depth=4, in_deg=1, out_deg=0; boundary-censored beyond hop 4"
100000008778010100,peripheral,0.549999,11,0.43070897448684226,"depth=4, in_deg=1, out_deg=0; boundary-censored beyond hop 4"
100000004584730100,peripheral,0.549999,61,0.3732812746773731,"depth=4, in_deg=1, out_deg=0; boundary-censored beyond hop 4"
100000004797167100,peripheral,0.549999,49,0.4056509574488099,"depth=4, in_deg=1, out_deg=0; boundary-censored beyond hop 4"
100000005010159100,peripheral,0.549999,49,0.38612629557941336,"depth=4, in_deg=1, out_deg=0; boundary-censored beyond hop 4"
100000003025903100,peripheral,0.549999,48,0.571951253896246,"depth=4, in_deg=1, out_deg=0; boundary-censored beyond hop 4"
100000003005167100,peripheral,0.549999,84,0.3114551243484766,"depth=4, in_deg=1, out_deg=0; boundary-censored beyond hop 4"
100000002214383100,peripheral,0.549999,11,0.4450765483157094,"depth=4, in_deg=1, out_deg=0; boundary-censored beyond hop 4"
100000004800452100,peripheral,0.549999,48,0.4946388592421054,"depth=4, in_deg=1, out_deg=0; boundary-censored beyond hop 4"
100000006903193100,peripheral,0.549999,8,0.4127825827388865,"depth=4, in_deg=1, out_deg=0; boundary-censored beyond hop 4"
100000007811950100,peripheral,0.549999,73,0.4169308163045607,"depth=4, in_deg=1, out_deg=0; boundary-censored beyond hop 4"
100000000375150100,peripheral,0.549999,6,0.4631752228122945,"depth=4, in_deg=1, out_deg=0; boundary-censored beyond hop 4"
100000008775747100,peripheral,0.549999,9,0.37142402632897886,"depth=4, in_deg=1, out_deg=0; boundary-censored beyond hop 4"
100000006689603100,peripheral,0.549999,49,0.433456355626719,"depth=4, in_deg=1, out_deg=0; boundary-censored beyond hop 4"
100000005075949100,peripheral,0.549999,62,0.49252443964336295,"depth=4, in_deg=1, out_deg=0; boundary-censored beyond hop 4"
100000003985389100,peripheral,0.549999,49,0.5714449409780776,"depth=4, in_deg=1, out_deg=0; boundary-censored beyond hop 4"
100000002478829100,peripheral,0.549999,78,0.46511134436478274,"depth=4, in_deg=1, out_deg=0; boundary-censored beyond hop 4"
100000003125997100,peripheral,0.549999,4,0.4303957487219365,"depth=4, in_deg=1, out_deg=0; boundary-censored beyond hop 4"
100000003214786100,peripheral,0.549999,8,0.44075231814392546,"depth=4, in_deg=1, out_deg=0; boundary-censored beyond hop 4"
100000008308418100,peripheral,0.549999,8,0.4804094639913934,"depth=4, in_deg=1, out_deg=0; boundary-censored beyond hop 4"
100000008619159100,peripheral,0.549999,68,0.44968990245930984,"depth=4, in_deg=1, out_deg=0; boundary-censored beyond hop 4"
100000004418967100,peripheral,0.549999,4,0.42444185218952735,"depth=4, in_deg=1, out_deg=0; boundary-censored beyond hop 4"
100000003173783100,peripheral,0.549999,53,0.3842050225473238,"depth=4, in_deg=1, out_deg=0; boundary-censored beyond hop 4"
100000002242455100,peripheral,0.549999,48,0.5422485153485502,"depth=4, in_deg=1, out_deg=0; boundary-censored beyond hop 4"
100000004848236100,peripheral,0.549999,8,0.4179227034268716,"depth=4, in_deg=1, out_deg=0; boundary-censored beyond hop 4"
100000004674412100,peripheral,0.549999,12,0.40665676568342896,"depth=4, in_deg=1, out_deg=0; boundary-censored beyond hop 4"
100000007071852100,peripheral,0.549999,49,0.5114785160724206,"depth=4, in_deg=1, out_deg=0; boundary-censored beyond hop 4"
100000001498732100,peripheral,0.549999,86,0.31055229248884075,"depth=4, in_deg=1, out_deg=0; boundary-censored beyond hop 4"
100000000627521100,peripheral,0.549999,60,0.40803723119317636,"depth=4, in_deg=1, out_deg=0; boundary-censored beyond hop 4"
100000003105089100,peripheral,0.549999,78,0.33692174995014823,"depth=4, in_deg=1, out_deg=0; boundary-censored beyond hop 4"
100000003166017100,peripheral,0.549999,55,0.40011371713390875,"depth=4, in_deg=1, out_deg=0; boundary-censored beyond hop 4"
100000002506987100,peripheral,0.549999,55,0.4247984691580103,"depth=4, in_deg=1, out_deg=0; boundary-censored beyond hop 4"
100000005767403100,peripheral,0.549999,65,0.4915369900920791,"depth=4, in_deg=1, out_deg=0; boundary-censored beyond hop 4"
100000005553088100,peripheral,0.549999,49,0.3369462990894935,"depth=4, in_deg=1, out_deg=0; boundary-censored beyond hop 4"
100000003632533100,peripheral,0.549999,48,0.4821842054661625,"depth=4, in_deg=1, out_deg=0; boundary-censored beyond hop 4"
100000008762005100,peripheral,0.549999,9,0.2986482256172351,"depth=4, in_deg=1, out_deg=0; boundary-censored beyond hop 4"
100000002214207100,peripheral,0.549999,85,0.43973236766097196,"depth=4, in_deg=1, out_deg=0; boundary-censored beyond hop 4"
100000003180820100,peripheral,0.549999,9,0.4606922291862965,"depth=4, in_deg=1, out_deg=0; boundary-censored beyond hop 4"
100000003786516100,peripheral,0.549999,8,0.42987598362435253,"depth=4, in_deg=1, out_deg=0; boundary-censored beyond hop 4"
100000005226217100,peripheral,0.549999,9,0.4506028827193867,"depth=4, in_deg=1, out_deg=0; boundary-censored beyond hop 4"
100000001533161100,peripheral,0.549999,61,0.4056696101966448,"depth=4, in_deg=1, out_deg=0; boundary-censored beyond hop 4"
100000007034089100,consolidator,0.7681642941874259,9,0.5636653048708149,"depth=4, in_deg=2, out_deg=0; boundary-censored beyond hop 4"
100000008336318100,peripheral,0.549999,9,0.41729277934940506,"depth=4, in_deg=1, out_deg=0; boundary-censored beyond hop 4"
100000005370558100,peripheral,0.549999,8,0.33112153522577603,"depth=4, in_deg=1, out_deg=0; boundary-censored beyond hop 4"
100000002729875100,peripheral,0.549999,55,0.4674543695128432,"depth=4, in_deg=1, out_deg=0; boundary-censored beyond hop 4"
100000006512787100,peripheral,0.549999,8,0.47317742395050866,"depth=4, in_deg=1, out_deg=0; boundary-censored beyond hop 4"
100000003186579100,peripheral,0.549999,49,0.43870462448259523,"depth=4, in_deg=1, out_deg=0; boundary-censored beyond hop 4"
100000004472936100,peripheral,0.549999,6,0.4495823893183027,"depth=4, in_deg=1, out_deg=0; boundary-censored beyond hop 4"
100000002231144100,peripheral,0.549999,78,0.3711768843936953,"depth=4, in_deg=1, out_deg=0; boundary-censored beyond hop 4"
100000002505277100,peripheral,0.549999,8,0.48365342178505144,"depth=4, in_deg=1, out_deg=0; boundary-censored beyond hop 4"
100000003177533100,peripheral,0.549999,49,0.3790937940572703,"depth=4, in_deg=1, out_deg=0; boundary-censored beyond hop 4"
100000005888829100,peripheral,0.549999,9,0.485734299593948,"depth=4, in_deg=1, out_deg=0; boundary-censored beyond hop 4"
100000002242066100,peripheral,0.549999,69,0.4197076922476849,"depth=4, in_deg=1, out_deg=0; boundary-censored beyond hop 4"
100000008027922100,peripheral,0.549999,59,0.4187960369037479,"depth=4, in_deg=1, out_deg=0; boundary-censored beyond hop 4"
100000002686226100,peripheral,0.549999,54,0.47550632326467224,"depth=4, in_deg=1, out_deg=0; boundary-censored beyond hop 4"
100000001065234100,peripheral,0.549999,74,0.4586882953196709,"depth=4, in_deg=1, out_deg=0; boundary-censored beyond hop 4"
100000000424935100,peripheral,0.549999,66,0.3451537527210974,"depth=4, in_deg=1, out_deg=0; boundary-censored beyond hop 4"
100000005723580100,peripheral,0.549999,4,0.3843386899655308,"depth=4, in_deg=1, out_deg=0; boundary-censored beyond hop 4"
100000000704700100,peripheral,0.549999,15,0.38125004176509486,"depth=4, in_deg=1, out_deg=0; boundary-censored beyond hop 4"
100000005293969100,peripheral,0.549999,8,0.3755503085533273,"depth=4, in_deg=1, out_deg=0; boundary-censored beyond hop 4"
100000002512742100,peripheral,0.549999,84,0.3080030348092485,"depth=4, in_deg=1, out_deg=0; boundary-censored beyond hop 4"
100000001816678100,peripheral,0.549999,2,0.4945297563046244,"depth=4, in_deg=1, out_deg=0; boundary-censored beyond hop 4"
100000004586598100,peripheral,0.549999,75,0.47554016253822584,"depth=4, in_deg=1, out_deg=0; boundary-censored beyond hop 4"
100000005782886100,peripheral,0.549999,9,0.443350611035576,"depth=4, in_deg=1, out_deg=0; boundary-censored beyond hop 4"
100000002622822100,peripheral,0.549999,52,0.47867472992127735,"depth=4, in_deg=1, out_deg=0; boundary-censored beyond hop 4"
100000003718715100,peripheral,0.549999,6,0.4815628147886059,"depth=4, in_deg=1, out_deg=0; boundary-censored beyond hop 4"
100000006491963100,peripheral,0.549999,84,0.3435927340743182,"depth=4, in_deg=1, out_deg=0; boundary-censored beyond hop 4"
100000004526651100,peripheral,0.549999,9,0.41268696714058345,"depth=4, in_deg=1, out_deg=0; boundary-censored beyond hop 4"
100000008331280100,peripheral,0.549999,57,0.38830477444532924,"depth=4, in_deg=1, out_deg=0; boundary-censored beyond hop 4"
100000004177936100,peripheral,0.549999,49,0.35931943678288847,"depth=4, in_deg=1, out_deg=0; boundary-censored beyond hop 4"
100000002922000100,peripheral,0.549999,61,0.4524802893006847,"depth=4, in_deg=1, out_deg=0; boundary-censored beyond hop 4"
100000002404112100,peripheral,0.549999,57,0.39568633993451763,"depth=4, in_deg=1, out_deg=0; boundary-censored beyond hop 4"
100000000634341100,peripheral,0.549999,8,0.40844187552139727,"depth=4, in_deg=1, out_deg=0; boundary-censored beyond hop 4"
100000001822650100,peripheral,0.549999,9,0.4707711347925982,"depth=4, in_deg=1, out_deg=0; boundary-censored beyond hop 4"
100000004791226100,peripheral,0.549999,8,0.46866971339297603,"depth=4, in_deg=1, out_deg=0; boundary-censored beyond hop 4"
100000007841978100,peripheral,0.549999,48,0.56515992030422,"depth=4, in_deg=1, out_deg=0; boundary-censored beyond hop 4"
100000006866831100,peripheral,0.549999,49,0.37348449627750985,"depth=4, in_deg=1, out_deg=0; boundary-censored beyond hop 4"
100000002999140100,peripheral,0.549999,14,0.32321326833686237,"depth=4, in_deg=1, out_deg=0; boundary-censored beyond hop 4"
100000002884708100,peripheral,0.549999,4,0.4826279239392401,"depth=4, in_deg=1, out_deg=0; boundary-censored beyond hop 4"
100000001130553100,peripheral,0.549999,48,0.5104184064879171,"depth=4, in_deg=1, out_deg=0; boundary-censored beyond hop 4"
100000006351075100,peripheral,0.549999,64,0.429417485583991,"depth=4, in_deg=1, out_deg=0; boundary-censored beyond hop 4"
100000005616568100,peripheral,0.549999,48,0.5635018135020085,"depth=4, in_deg=1, out_deg=0; boundary-censored beyond hop 4"
100000006381453100,peripheral,0.549999,9,0.4163633227298111,"depth=4, in_deg=1, out_deg=0; boundary-censored beyond hop 4"
100000004616845100,peripheral,0.549999,67,0.33246724640776604,"depth=4, in_deg=1, out_deg=0; boundary-censored beyond hop 4"
100000004908173100,peripheral,0.549999,4,0.367143007847831,"depth=4, in_deg=1, out_deg=0; boundary-censored beyond hop 4"
100000004433250100,peripheral,0.549999,8,0.41663004568359846,"depth=4, in_deg=1, out_deg=0; boundary-censored beyond hop 4"
100000003664994100,peripheral,0.549999,70,0.45030886291482886,"depth=4, in_deg=1, out_deg=0; boundary-censored beyond hop 4"
100000004673335100,peripheral,0.549999,53,0.4205709838962998,"depth=4, in_deg=1, out_deg=0; boundary-censored beyond hop 4"
100000002487222100,peripheral,0.549999,48,0.511978197683884,"depth=4, in_deg=1, out_deg=0; boundary-censored beyond hop 4"
100000000018102100,peripheral,0.549999,49,0.35157967950861896,"depth=4, in_deg=1, out_deg=0; boundary-censored beyond hop 4"
100000008638859100,peripheral,0.549999,13,0.5361967536174518,"depth=4, in_deg=1, out_deg=0; boundary-censored beyond hop 4"
100000001131403100,peripheral,0.549999,67,0.4807213638666188,"depth=4, in_deg=1, out_deg=0; boundary-censored beyond hop 4"
100000001733216100,peripheral,0.549999,8,0.4919867551183848,"depth=4, in_deg=1, out_deg=0; boundary-censored beyond hop 4"
100000004400480100,peripheral,0.549999,50,0.3893262810200476,"depth=4, in_deg=1, out_deg=0; boundary-censored beyond hop 4"
100000007539296100,peripheral,0.549999,48,0.4239313801555524,"depth=4, in_deg=1, out_deg=0; boundary-censored beyond hop 4"
100000008757301100,peripheral,0.549999,8,0.42569615511432335,"depth=4, in_deg=1, out_deg=0; boundary-censored beyond hop 4"
100000002752565100,peripheral,0.549999,49,0.4711186065663399,"depth=4, in_deg=1, out_deg=0; boundary-censored beyond hop 4"
100000002734815100,peripheral,0.549999,9,0.4007004726439238,"depth=4, in_deg=1, out_deg=0; boundary-censored beyond hop 4"
100000008333492100,peripheral,0.549999,76,0.438999919779172,"depth=4, in_deg=1, out_deg=0; boundary-censored beyond hop 4"
100000006527156100,peripheral,0.549999,62,0.3636035315167374,"depth=4, in_deg=1, out_deg=0; boundary-censored beyond hop 4"
100000003448713100,peripheral,0.549999,49,0.411505685152899,"depth=4, in_deg=1, out_deg=0; boundary-censored beyond hop 4"
100000004780083100,peripheral,0.549999,87,0.3251559043854904,"depth=4, in_deg=1, out_deg=0; boundary-censored beyond hop 4"
100000004798515100,peripheral,0.549999,14,0.4376573550297881,"depth=4, in_deg=1, out_deg=0; boundary-censored beyond hop 4"
100000004232712100,peripheral,0.549999,48,0.4913841612222363,"depth=4, in_deg=1, out_deg=0; boundary-censored beyond hop 4"
100000005209352100,peripheral,0.549999,8,0.44075231814392546,"depth=4, in_deg=1, out_deg=0; boundary-censored beyond hop 4"
100000000561160100,peripheral,0.549999,2,0.5153126914878804,"depth=4, in_deg=1, out_deg=0; boundary-censored beyond hop 4"
100000003568904100,peripheral,0.549999,6,0.4866809957077324,"depth=4, in_deg=1, out_deg=0; boundary-censored beyond hop 4"
100000000470237100,peripheral,0.549999,66,0.4091600866603038,"depth=4, in_deg=1, out_deg=0; boundary-censored beyond hop 4"
100000008560263100,peripheral,0.549999,48,0.508916941157499,"depth=4, in_deg=1, out_deg=0; boundary-censored beyond hop 4"
100000000542087100,peripheral,0.549999,63,0.41046712144727443,"depth=4, in_deg=1, out_deg=0; boundary-censored beyond hop 4"
100000004403548100,peripheral,0.549999,49,0.3607923537311141,"depth=4, in_deg=1, out_deg=0; boundary-censored beyond hop 4"
100000003010908100,peripheral,0.549999,55,0.37803553826234215,"depth=4, in_deg=1, out_deg=0; boundary-censored beyond hop 4"
100000006756956100,peripheral,0.549999,8,0.5195144245540347,"depth=4, in_deg=1, out_deg=0; boundary-censored beyond hop 4"
100000007357489100,consolidator,0.7602560300514039,9,0.5527844717877343,"depth=4, in_deg=2, out_deg=0; boundary-censored beyond hop 4"
100000002599729100,peripheral,0.549999,8,0.498851881979224,"depth=4, in_deg=1, out_deg=0; boundary-censored beyond hop 4"
100000005849862100,peripheral,0.549999,3,0.3958349616394564,"depth=4, in_deg=1, out_deg=0; boundary-censored beyond hop 4"
100000008762843100,peripheral,0.549999,9,0.3027140211456296,"depth=4, in_deg=1, out_deg=0; boundary-censored beyond hop 4"
100000002723674100,peripheral,0.549999,78,0.37644211449511733,"depth=4, in_deg=1, out_deg=0; boundary-censored beyond hop 4"
100000008758106100,peripheral,0.549999,9,0.37875893856224785,"depth=4, in_deg=1, out_deg=0; boundary-censored beyond hop 4"
100000001286703100,peripheral,0.549999,60,0.4270922556593946,"depth=4, in_deg=1, out_deg=0; boundary-censored beyond hop 4"
